Namn	Id
Brattåsmotet västerut	SE_STA_CAMERA_Orion_4500084
Almökrysset österut	SE_STA_CAMERA_Orion_4500057
Bur nordöst	SE_STA_CAMERA_Orion_4500116
Bur sydväst	SE_STA_CAMERA_Orion_4500117
Bäckebolsmotet norrut	SE_STA_CAMERA_Orion_4500038
Bäckebolsmotet söderut	SE_STA_CAMERA_Orion_4500039
Börringekloster Nordväst	SE_STA_CAMERA_Orion_2500040
Börringekloster Öst	SE_STA_CAMERA_Orion_2500039
Cedersdalsgatan	SE_STA_CAMERA_Orion_309
Danderyds gymnasium	SE_STA_CAMERA_Orion_267
Danvikstull	SE_STA_CAMERA_Orion_316
Delsjömotet Västra nordväst	SE_STA_CAMERA_PacificWest_4500139
Ekhagen	SE_STA_CAMERA_Pacific_579
Ektorp	SE_STA_CAMERA_Orion_566
Kärra Norrleden västerut	SE_STA_CAMERA_Orion_4500021
Eriksberg	SE_STA_CAMERA_Orion_418
Kärra Norrleden österut	SE_STA_CAMERA_Orion_4500024
Eriksbergsmotet Öst västerut	SE_STA_CAMERA_PacificWest_4500118
Eriksbergsmotet Öst österut	SE_STA_CAMERA_PacificWest_4500119
Ersboda	SE_STA_CAMERA_Orion_489
Erikssundsbron	SE_STA_CAMERA_Orion_450
Essingebron	SE_STA_CAMERA_Orion_385
Fiskhamnsmotet österut	SE_STA_CAMERA_PacificWest_4500153
Fiskhamnsmotet västerut	SE_STA_CAMERA_PacificWest_4500154
Flaggplan	SE_STA_CAMERA_0_602
Fittja	SE_STA_CAMERA_Orion_436
Flygplatsmotet NV	SE_STA_CAMERA_Orion_4500026
Flädie Norr	SE_STA_CAMERA_Orion_2500030
Flädie Söder	SE_STA_CAMERA_Orion_2500031
Fornhöjden norra	SE_STA_CAMERA_Orion_551
Fredriksberg Norr	SE_STA_CAMERA_Orion_2500009
Fredriksberg Sydväst	SE_STA_CAMERA_Orion_2500008
Frösvitunneln väst	SE_STA_CAMERA_Orion_406
Frösvitunneln öst	SE_STA_CAMERA_Orion_405
Fårberget	SE_STA_CAMERA_Orion_425
Gamla Apoteket	SE_STA_CAMERA_Orion_379
Gastelyckan Norr	SE_STA_CAMERA_Orion_2500020
Gastelyckan Söder	SE_STA_CAMERA_Orion_2500021
Getan	SE_STA_CAMERA_Orion_490
Getasjön norra	SE_STA_CAMERA_Orion_491
Getasjön södra	SE_STA_CAMERA_Orion_492
Getryggen	SE_STA_CAMERA_Orion_428
Glumslöv norrut	SE_STA_CAMERA_PacificSouth_2500082
Glumslöv söderut	SE_STA_CAMERA_PacificSouth_2500083
Grisslinge	SE_STA_CAMERA_Orion_342
Gullbergsmotet Norra norrut	SE_STA_CAMERA_PacificWest_4500150
Gullbergsmotet Västra nordöst	SE_STA_CAMERA_Orion_4500066
Gullbergsmotet Västra västerut	SE_STA_CAMERA_Orion_4500068
Gullbergsmotet Västra österut	SE_STA_CAMERA_Orion_4500067
Gullbergsmotet Östra Sydväst	SE_STA_CAMERA_Orion_4500104
Gullbergsmotet Östra nordost	SE_STA_CAMERA_Orion_4500103
Gårdamotet Norrut	SE_STA_CAMERA_Orion_4500013
Gårdamotet Söderut	SE_STA_CAMERA_Orion_4500014
Gårdstånga västerut	SE_STA_CAMERA_PacificSouth_2500091
Gårdstånga österut	SE_STA_CAMERA_PacificSouth_2500090
Aspen N	SE_STA_CAMERA_Orion_423
Göteborgsbacken Bårarp österut	SE_STA_CAMERA_PacificSouth_2500070
Betalstation Lilla Essingen	SE_STA_CAMERA_Pacific_367
Göteborgsbacken Bårarp västerut	SE_STA_CAMERA_PacificSouth_2500071
Göteborgsbacken Haga nordost	SE_STA_CAMERA_PacificSouth_2500068
Göteborgsbacken Haga söderut	SE_STA_CAMERA_PacificSouth_2500069
Götgatan-Ringvägen mot Medborgarplatsen	SE_STA_CAMERA_Orion_322
Götgatan-Ringvägen mot Renstiernas gata	SE_STA_CAMERA_Orion_325
Götgatan-Ringvägen mot Skanstullsbron	SE_STA_CAMERA_Orion_323
Götgatan-Ringvägen mot SÖS	SE_STA_CAMERA_Orion_324
Haga norra grindar	SE_STA_CAMERA_Orion_572
Haga södra grindar	SE_STA_CAMERA_Pacific_591
Hagaberg södra	SE_STA_CAMERA_Orion_554
Hallandsås Norra norrut	SE_STA_CAMERA_PacificSouth_2500054
Hallandsås Södra söderut	SE_STA_CAMERA_PacificSouth_2500055
Hallandsås Södra norrut	SE_STA_CAMERA_PacificSouth_2500056
Hallandsås Norra söderut	SE_STA_CAMERA_PacificSouth_2500053
Hallinge	SE_STA_CAMERA_Orion_493
Hallsta	SE_STA_CAMERA_Orion_494
Hallunda norra	SE_STA_CAMERA_Orion_417
Hallunda södra	SE_STA_CAMERA_Orion_415
Hammarby prästgård	SE_STA_CAMERA_Orion_421
Hanstavägen vid Ärvinge	SE_STA_CAMERA_Orion_456
Hedenstorp norrut	SE_STA_CAMERA_PacificSouth_2500075
Hedenstorp söderut	SE_STA_CAMERA_PacificSouth_2500074
Helenelund	SE_STA_CAMERA_Orion_384
Helsingborg Södra norrut	SE_STA_CAMERA_PacificSouth_2500050
Helsingborg Södra västerut	SE_STA_CAMERA_PacificSouth_2500052
Herrestad västerut	SE_STA_CAMERA_Orion_4500069
Herrestad österut	SE_STA_CAMERA_Orion_4500070
Hindby Väster	SE_STA_CAMERA_Orion_2500006
Hindby Norr	SE_STA_CAMERA_Orion_2500005
Hjulstabron	SE_STA_CAMERA_Pacific_588
Hjällbo söderut	SE_STA_CAMERA_Orion_4500042
Hjärup Sydväst	SE_STA_CAMERA_Orion_2500025
Hjärup Nordöst	SE_STA_CAMERA_Orion_2500024
Hornsg.-Långholmsg. mot Liljeholmsbron	SE_STA_CAMERA_Orion_321
Hornsg.-Långholmsg. mot Slussen	SE_STA_CAMERA_Orion_319
Hornsg-Långholmsg. mot Liljeholmsbadet	SE_STA_CAMERA_Orion_318
Hornsg.-Långholmsg. mot Västerbron	SE_STA_CAMERA_Orion_320
Hovsta	SE_STA_CAMERA_Orion_427
Hovåsmotet norrut	SE_STA_CAMERA_Orion_4500044
Hovåsmotet söderut	SE_STA_CAMERA_Orion_4500043
Hulanmotet sydväst	SE_STA_CAMERA_Orion_4500055
Hurva norrut	SE_STA_CAMERA_PacificSouth_2500078
Hurva söderut	SE_STA_CAMERA_PacificSouth_2500079
Jordfallsbron Öst österut	SE_STA_CAMERA_Orion_4500008
Jonseredsmotet ost	SE_STA_CAMERA_Orion_4500046
Igelsjön	SE_STA_CAMERA_Orion_495
Härlöv Norr	SE_STA_CAMERA_Orion_2500022
Jordfallsmotet norrut	SE_STA_CAMERA_Orion_4500009
Härlöv Söder	SE_STA_CAMERA_Orion_2500023
Häggvikstunneln	SE_STA_CAMERA_Orion_355
Jordfallsmotet söderut	SE_STA_CAMERA_Orion_4500007
Järnbrott väg 158 norrut	SE_STA_CAMERA_PacificWest_4500135
Järnbrott väg 158 söderut	SE_STA_CAMERA_PacificWest_4500136
Ivarsbergsmotet norrut	SE_STA_CAMERA_Orion_4500089
Järnbrottsmotet högmast	SE_STA_CAMERA_PacificWest_4500133
Järnbrottsmotet västerut	SE_STA_CAMERA_PacificWest_4500134
Järnbrottsmotet Öst västerut	SE_STA_CAMERA_PacificWest_4500137
Järnbrottsmotet Öst österut	SE_STA_CAMERA_PacificWest_4500138
Kallebäcksmotet S norrut	SE_STA_CAMERA_Orion_4500100
Kallebäcksmotet norrut	SE_STA_CAMERA_Orion_4500017
Kallebäcksmotet Östra Österut	SE_STA_CAMERA_Orion_4500018
Betalstation Drottningholmsvägen	SE_STA_CAMERA_Orion_365
Kalvsvik	SE_STA_CAMERA_Orion_400
Karlberg	SE_STA_CAMERA_Orion_298
Kontrollplats Hagby	SE_STA_CAMERA_Orion_356
Korpberget	SE_STA_CAMERA_Orion_496
Kronetorp Norr	SE_STA_CAMERA_Orion_2500016
Kronåsen mot Stockholm	SE_STA_CAMERA_Orion_382
Kronetorp Sydväst	SE_STA_CAMERA_Orion_2500017
Kropp Södra norrut	SE_STA_CAMERA_PacificSouth_2500086
Kropp österut	SE_STA_CAMERA_PacificSouth_2500085
Kropp västerut	SE_STA_CAMERA_PacificSouth_2500084
Kungsbacka syd NV	SE_STA_CAMERA_Orion_4500060
Kungsbacka Syd SO	SE_STA_CAMERA_Orion_4500061
Kungshamra västra	SE_STA_CAMERA_Orion_517
Kungsstensmotet Nordöst	SE_STA_CAMERA_PacificWest_4500121
Kungsstensmotet Sydväst	SE_STA_CAMERA_PacificWest_4500122
Kungsörsbron	SE_STA_CAMERA_Pacific_586
Kungälvsmotet	SE_STA_CAMERA_Orion_4500022
Kungälvsmotet	SE_STA_CAMERA_Orion_4500003
Rödbomotet Norra	SE_STA_CAMERA_Orion_4500001
Rödbomotet Norra	SE_STA_CAMERA_Orion_4500002
Kvarndammen	SE_STA_CAMERA_Orion_4500010
Kvicksundsbron	SE_STA_CAMERA_Pacific_585
Kålleredsmotet norrut	SE_STA_CAMERA_Orion_4500019
Kålleredsmotet söderut	SE_STA_CAMERA_Orion_4500023
Landvettermotet Västerut	SE_STA_CAMERA_Orion_4500027
Kärragård CPL norrut	SE_STA_CAMERA_Orion_4500071
Kärragård CPL söderut	SE_STA_CAMERA_Orion_4500072
Leråkersmotet nordöst	SE_STA_CAMERA_Orion_4500112
Kärragård CPL västerut	SE_STA_CAMERA_Orion_4500073
Leråkersmotet sydväst	SE_STA_CAMERA_Orion_4500113
Kärragård CPL österut	SE_STA_CAMERA_Orion_4500074
Liljeholmsbron	SE_STA_CAMERA_Orion_317
Lilla Frescati	SE_STA_CAMERA_Orion_295
Lindeborg Söder	SE_STA_CAMERA_Orion_2500010
Lindeborg Väster	SE_STA_CAMERA_Orion_2500011
Lindholmsmotet Öst nordöst	SE_STA_CAMERA_PacificWest_4500148
Lindholmsmotet Öst sydväst	SE_STA_CAMERA_PacificWest_4500149
Lindhov	SE_STA_CAMERA_Orion_426
Ljungarum västerut	SE_STA_CAMERA_PacificSouth_2500067
Lindomemotet	SE_STA_CAMERA_Orion_4500028
Lomma Söder	SE_STA_CAMERA_Orion_2500032
Botkyrka kyrka	SE_STA_CAMERA_Orion_419
Lund Södra Sydväst	SE_STA_CAMERA_Orion_2500015
Lomma Norr	SE_STA_CAMERA_Orion_2500033
Lund norra norrut	SE_STA_CAMERA_PacificSouth_2500047
Ljungarum österut	SE_STA_CAMERA_PacificSouth_2500066
Lund Södra Nordöst	SE_STA_CAMERA_Orion_2500014
Lund Norra Söder	SE_STA_CAMERA_Orion_2500019
Lärjemotet nordväst	SE_STA_CAMERA_Orion_4500047
Löddeköpinge Nordväst	SE_STA_CAMERA_Orion_2500034
Löddeköpinge Sydöst	SE_STA_CAMERA_Orion_2500035
Maglarp Nordväst	SE_STA_CAMERA_Orion_2500037
Tpl Almnäs	SE_STA_CAMERA_Orion_441
Bulltofta österut	SE_STA_CAMERA_Orion_2500004
Marinstaden	SE_STA_CAMERA_Orion_348
Maglarp Sydväst	SE_STA_CAMERA_Orion_2500038
Marieholmsmotet norrut	SE_STA_CAMERA_Orion_4500064
Masmo	SE_STA_CAMERA_Orion_438
Marieholmsmotet söderut	SE_STA_CAMERA_Orion_4500065
Motorvägsbron södra	SE_STA_CAMERA_Orion_567
Mellanjärva	SE_STA_CAMERA_Pacific_539
Munkebäcksmotet västerut	SE_STA_CAMERA_Orion_4500063
Munkebäcksmotet österut	SE_STA_CAMERA_Orion_4500062
Mölnlyckemotet västerut	SE_STA_CAMERA_PacificWest_4500124
Mölnviksrondellen	SE_STA_CAMERA_Orion_343
Moraberg norra	SE_STA_CAMERA_Orion_497
Mölnlyckemotet österut	SE_STA_CAMERA_PacificWest_4500123
Naffentorp Norra Öster	SE_STA_CAMERA_Orion_2500028
Moraberg södra	SE_STA_CAMERA_Orion_506
Bagghusbron	SE_STA_CAMERA_Pacific_592
Naffentorp Södra Väster	SE_STA_CAMERA_Orion_2500027
Naffentorp Norra Väster	SE_STA_CAMERA_Orion_2500029
Motorvägsbron	SE_STA_CAMERA_Orion_390
Motorvägsbron Norra	SE_STA_CAMERA_Orion_389
Naturhistoriska	SE_STA_CAMERA_Pacific_578
Naffentorp Södra Öster	SE_STA_CAMERA_Orion_2500026
Norrviken	SE_STA_CAMERA_Orion_368
Nedre Söderby	SE_STA_CAMERA_Orion_430
Norrviksleden	SE_STA_CAMERA_Orion_358
Nockebybron	SE_STA_CAMERA_Orion_449
Norgegatan	SE_STA_CAMERA_Orion_252
Olskroksmotet Ö nordost	SE_STA_CAMERA_PacificWest_4500129
Norrsunda	SE_STA_CAMERA_Orion_377
Olskroksmotet Ö sydväst	SE_STA_CAMERA_PacificWest_4500130
Nytorp	SE_STA_CAMERA_Orion_498
Betalstation Motala	SE_STA_CAMERA_Orion_509
Norrsättra	SE_STA_CAMERA_Orion_352
Partillemotet Västerut	SE_STA_CAMERA_Orion_4500029
Partillemotet Österut	SE_STA_CAMERA_Orion_4500030
Pershagen	SE_STA_CAMERA_Orion_402
Askimsbadet söderut	SE_STA_CAMERA_Orion_4500041
Norrtull mot E4	SE_STA_CAMERA_Orion_364
Odengatan/Sveavägen	SE_STA_CAMERA_Orion_311
Odengatan-Sveavägen mot Valhallavägen	SE_STA_CAMERA_Orion_307
Peppared norrut	SE_STA_CAMERA_Orion_4500108
Petersborg Norr	SE_STA_CAMERA_Orion_2500012
Peppared söderut	SE_STA_CAMERA_Orion_4500107
Rödastensmotet norrut	SE_STA_CAMERA_Orion_4500091
Petersborg Söder	SE_STA_CAMERA_Orion_2500013
Rödastensmotet söderut	SE_STA_CAMERA_Orion_4500092
Rödbomotet Norrut	SE_STA_CAMERA_Orion_4500006
Rotsunda	SE_STA_CAMERA_Orion_381
Salem norra	SE_STA_CAMERA_Orion_433
Bornsjön	SE_STA_CAMERA_Orion_429
Olseröd norrut	SE_STA_CAMERA_PacificSouth_2500077
Rödbomotet Österut	SE_STA_CAMERA_Orion_4500005
Salem södra	SE_STA_CAMERA_Orion_500
Salems kyrka	SE_STA_CAMERA_Orion_432
Olseröd söderut	SE_STA_CAMERA_PacificSouth_2500076
Rönninge	SE_STA_CAMERA_Orion_499
Sallerup Norr	SE_STA_CAMERA_PacificSouth_2500045
Slagsta	SE_STA_CAMERA_Orion_437
Spillepengen sydöst	SE_STA_CAMERA_PacificSouth_2500087
Sandsjöbacka faunabro norrut	SE_STA_CAMERA_PacificWest_4500143
Spillepengen norrut	SE_STA_CAMERA_PacificSouth_2500089
Sicklatunneln mynning	SE_STA_CAMERA_Orion_463
Sandsjöbacka faunabro söderut	SE_STA_CAMERA_PacificWest_4500145
Sköndal	SE_STA_CAMERA_Orion_338
Sege nordost	SE_STA_CAMERA_PacificSouth_2500049
Skansbron	SE_STA_CAMERA_Pacific_595
Lackarebäcksmotet N söderut	SE_STA_CAMERA_Orion_4500098
Sege sydväst	SE_STA_CAMERA_PacificSouth_2500048
Stallarholmen	SE_STA_CAMERA_Pacific_589
Stora Wäsby	SE_STA_CAMERA_Orion_378
Lackarebäcksmotet N norrut	SE_STA_CAMERA_Orion_4500099
Lackarebäcksmotet S norrut	SE_STA_CAMERA_Orion_4500101
Stava	SE_STA_CAMERA_Orion_443
Lackarebäcksmotet S söderut	SE_STA_CAMERA_Orion_4500102
Skogskyrkogården	SE_STA_CAMERA_Orion_335
Stora Frösunda	SE_STA_CAMERA_Pacific_545
Landskrona Norra Nordväst	SE_STA_CAMERA_Orion_2500041
Sveaplan/Roslagstull	SE_STA_CAMERA_Orion_313
Landskrona Norra Sydöst	SE_STA_CAMERA_Orion_2500042
Sveavägen norrut	SE_STA_CAMERA_Orion_308
Landskrona Södra Norr	SE_STA_CAMERA_Orion_2500043
Syrhålamotet sydöst	SE_STA_CAMERA_Orion_4500059
Sockenvägen	SE_STA_CAMERA_Orion_336
Sveavägen söderut	SE_STA_CAMERA_Orion_310
Sofiehill	SE_STA_CAMERA_Orion_558
Landskrona Södra Söder	SE_STA_CAMERA_Orion_2500044
Syrhålamotet väst	SE_STA_CAMERA_Orion_4500058
Torpamotet österut	SE_STA_CAMERA_PacificWest_4500131
Torrekullamotet Södra söderut	SE_STA_CAMERA_PacificWest_4500126
Torpmotet norrut	SE_STA_CAMERA_Orion_4500086
Torpmotet österut	SE_STA_CAMERA_Orion_4500087
Söderköping S	SE_STA_CAMERA_Pacific_465
Torrekullamotet Södra norrut	SE_STA_CAMERA_PacificWest_4500125
Brottby	SE_STA_CAMERA_Orion_439
Tpl Fredhäll	SE_STA_CAMERA_Orion_366
Tpl Arninge	SE_STA_CAMERA_Orion_263
Tpl Glädjen	SE_STA_CAMERA_Orion_380
Tpl Barkarby östra	SE_STA_CAMERA_Pacific_516
Tpl Barkarby	SE_STA_CAMERA_Orion_488
Tpl Lugnet	SE_STA_CAMERA_Orion_350
Tpl Kungens kurva	SE_STA_CAMERA_Orion_412
Tpl Länna	SE_STA_CAMERA_Pacific_526
Tpl Kungsängen	SE_STA_CAMERA_Orion_440
Talltunneln mynning	SE_STA_CAMERA_Orion_328
Tappströmsbron	SE_STA_CAMERA_Orion_451
Tpl Kvarnholmen	SE_STA_CAMERA_Orion_347
Tpl Bergshamra norra	SE_STA_CAMERA_Pacific_583
Tpl Moraberg	SE_STA_CAMERA_Orion_501
Tpl Haga södra	SE_STA_CAMERA_Pacific_590
Tpl Lahäll	SE_STA_CAMERA_Orion_266
Tpl Bergshamra södra	SE_STA_CAMERA_Pacific_582
Tpl Gubbängen	SE_STA_CAMERA_Orion_334
Tpl Bergshamra östra	SE_STA_CAMERA_Pacific_584
Tpl Bergshamra västra	SE_STA_CAMERA_Pacific_576
Tingstadstunneln N	SE_STA_CAMERA_Orion_4500110
Tpl Linvävartorpet	SE_STA_CAMERA_Orion_574
Tpl Märsta	SE_STA_CAMERA_Orion_376
Tpl Larsboda	SE_STA_CAMERA_Pacific_520
Tpl Hallunda	SE_STA_CAMERA_Orion_466
Tpl Handen	SE_STA_CAMERA_Pacific_524
Tpl Linvävartorpet norra	SE_STA_CAMERA_Orion_573
Tpl Linvävartorpet södra	SE_STA_CAMERA_Orion_575
Tpl Nacka	SE_STA_CAMERA_Orion_345
Tingstadstunneln S	SE_STA_CAMERA_Orion_4500111
Tpl Hjulsta östra	SE_STA_CAMERA_Orion_515
Bäckebol Norra norrut	SE_STA_CAMERA_Orion_4500012
Tpl Ropsten	SE_STA_CAMERA_0_604
Tpl Jakobsberg	SE_STA_CAMERA_Orion_487
Bäckebol Norra söderut	SE_STA_CAMERA_Orion_4500011
Tomteboda Postterminal	SE_STA_CAMERA_0_599
Tpl Danderyds sjukhus N	SE_STA_CAMERA_Pacific_533
Tpl Jordbro	SE_STA_CAMERA_Pacific_525
Tpl Danderyds kyrka	SE_STA_CAMERA_Orion_268
Tpl Kallhäll	SE_STA_CAMERA_Orion_486
Tpl Rinkeby mot Rissne	SE_STA_CAMERA_Pacific_512
Tpl Nybygget	SE_STA_CAMERA_Orion_386
Torpamotet västerut	SE_STA_CAMERA_PacificWest_4500132
Tpl Rosenkälla	SE_STA_CAMERA_Orion_262
Tpl Ropsten	SE_STA_CAMERA_0_603
Tpl Farsta	SE_STA_CAMERA_Orion_333
Tpl Karlberg	SE_STA_CAMERA_0_601
Tpl Danderyds sjukhus S	SE_STA_CAMERA_Orion_269
Tpl Viggbyholm	SE_STA_CAMERA_Orion_264
Tpl Karlberg Västra	SE_STA_CAMERA_0_600
Tpl Tomteboda Södra	SE_STA_CAMERA_0_597
Tpl Tensta östra	SE_STA_CAMERA_Pacific_514
Tpl Tureberg	SE_STA_CAMERA_Orion_383
Tpl Kista	SE_STA_CAMERA_Orion_455
Tpl Kista mot Rinkeby	SE_STA_CAMERA_Orion_452
Bulltofta västerut	SE_STA_CAMERA_Orion_2500003
Tpl Tomteboda Östra	SE_STA_CAMERA_0_598
Trafikplats Hägernäs	SE_STA_CAMERA_Pacific_518
Trafikplats Hagbylund	SE_STA_CAMERA_Orion_353
Asptuna	SE_STA_CAMERA_Orion_422
Tpl Trångsund	SE_STA_CAMERA_Pacific_521
Trafikplats Järva krog	SE_STA_CAMERA_Pacific_541
Tullen	SE_STA_CAMERA_Orion_504
Tumba centrum	SE_STA_CAMERA_Pacific_594
Trafikplats Inverness	SE_STA_CAMERA_Orion_562
Trafikplats Järva krog N	SE_STA_CAMERA_Pacific_540
Tpl Åbyvägen mot E4/E20	SE_STA_CAMERA_Orion_326
Ullundatunneln öst	SE_STA_CAMERA_Orion_403
Trafikplats Järva krog S	SE_STA_CAMERA_Pacific_548
Ullnasjön	SE_STA_CAMERA_Orion_563
Tpl Åbyvägen mot Södra länken	SE_STA_CAMERA_Orion_461
Ullundatunneln väst	SE_STA_CAMERA_Orion_404
Tuvängen	SE_STA_CAMERA_Orion_505
Trafikplats Saltskog	SE_STA_CAMERA_Orion_569
Tpl Ösmo	SE_STA_CAMERA_Orion_388
Willinsbron Norrut	SE_STA_CAMERA_Orion_4500016
Törnskogstunneln Ö	SE_STA_CAMERA_Orion_462
Trafikplats Skvaltan	SE_STA_CAMERA_Orion_565
Tpl Ärvinge södra	SE_STA_CAMERA_Pacific_511
Ulriksdals golfbana	SE_STA_CAMERA_Pacific_538
Ulricehamnstunneln österut	SE_STA_CAMERA_Orion_4500105
Ulricehamn bro österut	SE_STA_CAMERA_PacificWest_4500120
Ulricehamnstunneln västerut	SE_STA_CAMERA_Orion_4500106
Tpl Ärvinge norra	SE_STA_CAMERA_Pacific_510
Willinsbron Söderut	SE_STA_CAMERA_Orion_4500015
Botkyrkabacken	SE_STA_CAMERA_Orion_420
Trafikplats Sörentorp	SE_STA_CAMERA_Pacific_535
Undavägen västerut	SE_STA_CAMERA_PacificWest_4500142
Trafikplats Sörentorp S	SE_STA_CAMERA_Pacific_536
Trafikplats Tunberget	SE_STA_CAMERA_Orion_357
Undavägen österut	SE_STA_CAMERA_PacificWest_4500141
Trafikplats Ullna	SE_STA_CAMERA_Pacific_519
Trafikplats Björknäs	SE_STA_CAMERA_Pacific_593
Åbromotet Norra norrut	SE_STA_CAMERA_Orion_4500096
Universitetet	SE_STA_CAMERA_Pacific_577
VMS Strängnäs	SE_STA_CAMERA_Pacific_534
Åbromotet Norra söderut	SE_STA_CAMERA_Orion_4500097
Trafikplats Fittja	SE_STA_CAMERA_Pacific_529
Trafikplats Vårby	SE_STA_CAMERA_Pacific_528
Björlanda Norrut	SE_STA_CAMERA_PacificWest_4500127
Almökrysset nordväst	SE_STA_CAMERA_Orion_4500088
Trafikplats Frösunda	SE_STA_CAMERA_Pacific_543
Trafikplats Älgviken	SE_STA_CAMERA_Pacific_547
Åbromotet västerut	SE_STA_CAMERA_Orion_4500095
Vega	SE_STA_CAMERA_Pacific_523
Åbromotet norrut	SE_STA_CAMERA_Orion_4500093
Trafikplats Frösunda N	SE_STA_CAMERA_Pacific_542
Åbromotet söderut	SE_STA_CAMERA_Orion_4500094
Viby	SE_STA_CAMERA_Orion_369
Ålkistan norra	SE_STA_CAMERA_Pacific_581
Ånäsmotet sydväst	SE_STA_CAMERA_Orion_4500035
Trafikplats Frösunda S	SE_STA_CAMERA_Pacific_544
Åbromotet Södra norrut	SE_STA_CAMERA_PacificWest_4500146
Backadalsmotet norrut	SE_STA_CAMERA_Orion_4500036
Vikdalen	SE_STA_CAMERA_Orion_346
Ålkistan södra	SE_STA_CAMERA_Pacific_580
Trafikplats Haga norra	SE_STA_CAMERA_Pacific_546
Åbromotet Södra söderut	SE_STA_CAMERA_PacificWest_4500147
Ånäsmotet österut	SE_STA_CAMERA_Orion_4500054
Ålstäket	SE_STA_CAMERA_Orion_341
Viksängen	SE_STA_CAMERA_Orion_559
Årstafältet	SE_STA_CAMERA_Orion_329
Årstalänken	SE_STA_CAMERA_Orion_564
Angeredsbron norrut	SE_STA_CAMERA_Orion_4500114
Tpl Rosersberg	SE_STA_CAMERA_Pacific_527
Göteborgsbacken 31.911 norrut	SE_STA_CAMERA_PacificSouth_2500073
Älvsborgsbron Norra norrut	SE_STA_CAMERA_Orion_4500050
Ånäsmotet nordväst	SE_STA_CAMERA_Orion_4500034
Älvsborgsbron Norra söderut	SE_STA_CAMERA_Orion_4500051
Stäketbron öst	SE_STA_CAMERA_Orion_448
Älvsborgsbron Södra norrut	SE_STA_CAMERA_Orion_4500052
Sunnanå Väster	SE_STA_CAMERA_Orion_2500002
Tpl Rotebro	SE_STA_CAMERA_Orion_370
Göteborgsbacken 31.912 sydost	SE_STA_CAMERA_PacificSouth_2500072
Tpl Salem	SE_STA_CAMERA_Orion_434
Sunnanå Öster	SE_STA_CAMERA_Orion_2500001
Älvsborgsbron Södra söderut	SE_STA_CAMERA_Orion_4500053
Ölandsbron Högbro västerut	SE_STA_CAMERA_PacificSouth_2500059
Tpl Saltskog norra	SE_STA_CAMERA_Orion_568
Tpl Saltskog västra	SE_STA_CAMERA_Orion_571
Ölandsbron Högbro österut	SE_STA_CAMERA_PacificSouth_2500060
Sveaplan/Norrtull	SE_STA_CAMERA_Orion_312
Ölandsbron Lågbro västerut	SE_STA_CAMERA_PacificSouth_2500057
Ivarsbergsmotet söderut	SE_STA_CAMERA_Orion_4500090
Tpl Saltskog östra	SE_STA_CAMERA_Orion_570
Jerikobacken	SE_STA_CAMERA_Orion_4500045
Tpl Sickla mot E4/E20	SE_STA_CAMERA_Orion_561
Ölandsbron Lågbro österut	SE_STA_CAMERA_PacificSouth_2500058
Tpl Sickla mot Nacka	SE_STA_CAMERA_Orion_560
Ölandsbron Svinö västerut	SE_STA_CAMERA_PacificSouth_2500061
Ölandsbron Svinö österut	SE_STA_CAMERA_PacificSouth_2500062
Trafikplats Älta	SE_STA_CAMERA_Pacific_587
Ölandsleden TPL norrut	SE_STA_CAMERA_PacificSouth_2500063
Tpl Skogås	SE_STA_CAMERA_Pacific_522
Traneberg mot Bromma	SE_STA_CAMERA_Orion_508
Tpl Skuru	SE_STA_CAMERA_Orion_401
Ölandsleden TPL söderut	SE_STA_CAMERA_PacificSouth_2500064
Traneberg mot Kungsholmen	SE_STA_CAMERA_Orion_507
Tpl Sofielundsplan	SE_STA_CAMERA_Orion_330
Ölandsleden TPL österut	SE_STA_CAMERA_PacificSouth_2500065
Tullan norra	SE_STA_CAMERA_Orion_502
Tullan södra	SE_STA_CAMERA_Orion_503
Tpl Stäket	SE_STA_CAMERA_Orion_485
Björlanda Söderut	SE_STA_CAMERA_PacificWest_4500128
Brattåsmotet österut	SE_STA_CAMERA_Orion_4500085
Brunna	SE_STA_CAMERA_Pacific_530
Almökrysset sydost	SE_STA_CAMERA_Orion_4500056
Brattåsmotet söderut	SE_STA_CAMERA_Orion_4500083
Backadalsmotet söderut	SE_STA_CAMERA_Orion_4500037
Angeredsbron söderut	SE_STA_CAMERA_Orion_4500115
Överjärva	SE_STA_CAMERA_Pacific_537
Brattåsmotet norrut	SE_STA_CAMERA_Orion_4500082
Övre Söderby	SE_STA_CAMERA_Orion_431
Brunnsbomotet Öst österut	SE_STA_CAMERA_PacificWest_4500156
Agnesbergsmotet	SE_STA_CAMERA_Orion_4500025
Brunnsbomotet Väst västerut	SE_STA_CAMERA_PacificWest_4500155
Aareavaara	SE_STA_CAMERA_Geni_4819_K1
Bertnäs	SE_STA_CAMERA_Geni_4914_K1
Bjurholm	SE_STA_CAMERA_Geni_4876_K1
Björlanda	SE_STA_CAMERA_Geni_4488_K1
Bjärnum	SE_STA_CAMERA_Geni_4886_K1
Björklinge	SE_STA_CAMERA_Geni_327_K1
Björndalsviken	SE_STA_CAMERA_Geni_4714_K1
Björka	SE_STA_CAMERA_Geni_4093_K1
Bjurträsk	SE_STA_CAMERA_Geni_4652_K1
Bjärklunda	SE_STA_CAMERA_Geni_4474_K1
Björnshult	SE_STA_CAMERA_Geni_4361_K1
Björndammen	SE_STA_CAMERA_Geni_4837_K1
Bjärlöv	SE_STA_CAMERA_Geni_4898_K1
Björboholm	SE_STA_CAMERA_Geni_4798_K1
Blankaholm	SE_STA_CAMERA_Geni_4055_K1
Blåsjöfjället	SE_STA_CAMERA_Geni_2332_K1
Bockara	SE_STA_CAMERA_Geni_4608_K1
Bogen	SE_STA_CAMERA_Geni_4343_K1
Bokenäs	SE_STA_CAMERA_Geni_4634_K1
Bokön	SE_STA_CAMERA_Geni_4655_K1
Bolhyttan	SE_STA_CAMERA_Geni_4348_K1
Borensberg	SE_STA_CAMERA_Geni_4927_K1
Borgholm	SE_STA_CAMERA_Geni_4621_K1
Borgunda	SE_STA_CAMERA_Geni_4960_K1
Borås - Grönhult	SE_STA_CAMERA_Geni_4040_K1
Botsmark	SE_STA_CAMERA_Geni_4629_K1
Botvaldevik	SE_STA_CAMERA_Geni_4971_K1
Brahehus	SE_STA_CAMERA_Geni_4958_K1
Brattby	SE_STA_CAMERA_Geni_4357_K1
Brattebro	SE_STA_CAMERA_Geni_1822_K1
Bredaryd	SE_STA_CAMERA_Geni_4304_K1
Brattmon	SE_STA_CAMERA_Geni_4614_K1
Bredhult	SE_STA_CAMERA_Geni_4379_K1
Bredsele	SE_STA_CAMERA_Geni_4439_K1
Bredåker	SE_STA_CAMERA_Geni_4670_K1
Broen	SE_STA_CAMERA_Geni_4469_K1
Brohagen	SE_STA_CAMERA_Geni_4917_K1
Brokhult	SE_STA_CAMERA_Geni_4654_K1
Brokind	SE_STA_CAMERA_Geni_4394_K1
Brotorpet	SE_STA_CAMERA_Geni_4733_K1
Brösarp	SE_STA_CAMERA_Geni_4521_K1
Bräkne-Hoby	SE_STA_CAMERA_Geni_4329_K1
Brottby	SE_STA_CAMERA_Geni_4780_K1
Bua	SE_STA_CAMERA_Geni_4688_K1
Brånan	SE_STA_CAMERA_Geni_4658_K1
Bunkris	SE_STA_CAMERA_Geni_4821_K1
Bureå	SE_STA_CAMERA_Geni_4726_K1
Burträsk	SE_STA_CAMERA_Geni_4631_K1
Byxelkrok	SE_STA_CAMERA_Geni_4420_K1
Bydalen	SE_STA_CAMERA_Geni_4517_K1
Bålsta	SE_STA_CAMERA_Geni_4881_K1
Bäckaskog	SE_STA_CAMERA_Geni_4075_K1
Bäckefors	SE_STA_CAMERA_Geni_4868_K1
Bäckesta	SE_STA_CAMERA_Geni_4775_K1
Bältarebo	SE_STA_CAMERA_Geni_4596_K1
Bäne	SE_STA_CAMERA_Geni_4472_K1
Bökhult	SE_STA_CAMERA_Geni_4584_K1
Bönhamn	SE_STA_CAMERA_Geni_4331_K1
Dalarö	SE_STA_CAMERA_Geni_214_K1
Dalbo	SE_STA_CAMERA_Geni_4854_K1
Dalby Ö	SE_STA_CAMERA_Geni_4929_K1
Dannemora	SE_STA_CAMERA_Geni_4722_K1
Delsjön	SE_STA_CAMERA_Geni_4462_K1
Derome	SE_STA_CAMERA_Geni_4496_K1
Deltavägen	SE_STA_CAMERA_Geni_4674_K1
Djupdal	SE_STA_CAMERA_Geni_4750_K1
Drottningholm	SE_STA_CAMERA_Geni_4872_K1
Dräling	SE_STA_CAMERA_Geni_4721_K1
Alingsås	SE_STA_CAMERA_Geni_4471_K1
Duvered	SE_STA_CAMERA_Geni_4485_K1
Ekenäslid	SE_STA_CAMERA_Geni_4387_K1
Dönstorp E20	SE_STA_CAMERA_Geni_4065_K1
Dörröd	SE_STA_CAMERA_Geni_4444_K1
Ekerö	SE_STA_CAMERA_Geni_4762_K1
Eda	SE_STA_CAMERA_Geni_4605_K1
Eket	SE_STA_CAMERA_Geni_4883_K1
Ekolsundsbron	SE_STA_CAMERA_Geni_4552_K1
Edsleskog	SE_STA_CAMERA_Geni_4302_K1
Ekeby	SE_STA_CAMERA_Geni_4904_K1
Edevågen	SE_STA_CAMERA_Geni_4751_K1
Emma	SE_STA_CAMERA_Geni_4533_K1
Ellenö	SE_STA_CAMERA_Geni_4493_K1
Eriksmåla	SE_STA_CAMERA_Geni_4048_K1
Enstaberga	SE_STA_CAMERA_Geni_4824_K1
Eringsboda	SE_STA_CAMERA_Geni_4657_K1
Ersnäs	SE_STA_CAMERA_Geni_4663_K1
Enånger	SE_STA_CAMERA_Geni_4432_K1
Fiskträsk	SE_STA_CAMERA_Geni_4415_K1
Fjellgime	SE_STA_CAMERA_Geni_4962_K1
Eslöv	SE_STA_CAMERA_Geni_4905_K1
Essingeleden - Västberga	SE_STA_CAMERA_Geni_4549_K1
Eskilstuna Ö	SE_STA_CAMERA_Geni_4555_K1
Flybo	SE_STA_CAMERA_Geni_4371_K1
Fjällnäs	SE_STA_CAMERA_Geni_4734_K1
Flyn	SE_STA_CAMERA_Geni_4514_K1
Fagerhult	SE_STA_CAMERA_Geni_4937_K1
Fagersanna	SE_STA_CAMERA_Geni_4355_K1
Flädje	SE_STA_CAMERA_Geni_4516_K1
Follingbo	SE_STA_CAMERA_Geni_4813_K1
Falkenberg	SE_STA_CAMERA_Geni_4468_K1
Forsbacka	SE_STA_CAMERA_Geni_4708_K1
Falköping	SE_STA_CAMERA_Geni_4687_K1
Farsta	SE_STA_CAMERA_Geni_4822_K1
Forshaga	SE_STA_CAMERA_Geni_4913_K1
Finnstuga	SE_STA_CAMERA_Geni_4749_K1
Forshällaån	SE_STA_CAMERA_Geni_4389_K1
Fastnäs	SE_STA_CAMERA_Geni_4341_K1
Forsmark	SE_STA_CAMERA_Geni_4002_K1
Forsmark2	SE_STA_CAMERA_Geni_4797_K1
Finspång	SE_STA_CAMERA_Geni_4096_K1
Fredrika	SE_STA_CAMERA_Geni_4133_K1
Fiskabäck	SE_STA_CAMERA_Geni_4707_K1
Frostagården	SE_STA_CAMERA_Geni_4332_K1
Angered	SE_STA_CAMERA_Geni_4507_K1
Fänforsen	SE_STA_CAMERA_Geni_4097_K1
Fiskhamnsmotet	SE_STA_CAMERA_Geni_4710_K1
Furuberg	SE_STA_CAMERA_Geni_4755_K1
Armsjön	SE_STA_CAMERA_Geni_2201_K1
Furudal	SE_STA_CAMERA_Geni_4814_K1
Färila	SE_STA_CAMERA_Geni_4759_K1
G/K Länsgräns Väg 29	SE_STA_CAMERA_Geni_4948_K1
Gagnbro	SE_STA_CAMERA_Geni_4505_K1
Fågelberget	SE_STA_CAMERA_Geni_4694_K1
Gunneryd	SE_STA_CAMERA_Geni_4383_K1
Fågelsta	SE_STA_CAMERA_Geni_4375_K1
Gallsäter	SE_STA_CAMERA_Geni_4676_K1
Fångsjöbacken	SE_STA_CAMERA_Geni_4508_K1
Gustavsberg	SE_STA_CAMERA_Geni_218_K1
Garsås	SE_STA_CAMERA_Geni_4808_K1
Galtsjön	SE_STA_CAMERA_Geni_4437_K1
Gustavsfors	SE_STA_CAMERA_Geni_4908_K1
Gysinge	SE_STA_CAMERA_Geni_4720_K1
Gyllene Uttern	SE_STA_CAMERA_Geni_4043_K1
Gevsjön	SE_STA_CAMERA_Geni_4924_K1
Gålsjö	SE_STA_CAMERA_Geni_4503_K1
Gårdstånga	SE_STA_CAMERA_Geni_4125_K1
Fällfors	SE_STA_CAMERA_Geni_4653_K1
Gällstad	SE_STA_CAMERA_Geni_4484_K1
Gålån	SE_STA_CAMERA_Geni_4675_K1
Gislaved	SE_STA_CAMERA_Geni_4598_K1
Gävle	SE_STA_CAMERA_Geni_4417_K1
Arkösund	SE_STA_CAMERA_Geni_4373_K1
Glugga	SE_STA_CAMERA_Geni_4803_K1
Gömman	SE_STA_CAMERA_Geni_4476_K1
Götsered	SE_STA_CAMERA_Geni_4120_K1
Göteborgsbacken, övre	SE_STA_CAMERA_Geni_4141_K1
Göteborgsbacken Nedre	SE_STA_CAMERA_Geni_4730_K1
Giltjaur	SE_STA_CAMERA_Geni_4801_K1
Glumslöv	SE_STA_CAMERA_Geni_4108_K1
Hammarbacken	SE_STA_CAMERA_Geni_4330_K1
Hammenhög V	SE_STA_CAMERA_Geni_4320_K1
Hallviken	SE_STA_CAMERA_Geni_4712_K1
Barkarby	SE_STA_CAMERA_Geni_4959_K1
Habolstorp	SE_STA_CAMERA_Geni_4374_K1
Halmstad	SE_STA_CAMERA_Geni_4794_K1
Hamnbacken Visby	SE_STA_CAMERA_Geni_4524_K1
Heby	SE_STA_CAMERA_Geni_4268_K1
Graninge	SE_STA_CAMERA_Geni_4716_K1
Hamnäs	SE_STA_CAMERA_Geni_4480_K1
Hellabacken	SE_STA_CAMERA_Geni_1820_K1
Hoforsbacken	SE_STA_CAMERA_Geni_4767_K1
Grillom	SE_STA_CAMERA_Geni_4740_K1
Hacksta	SE_STA_CAMERA_Geni_4832_K1
Herrefall	SE_STA_CAMERA_Geni_4318_K1
Hogdalsmotet	SE_STA_CAMERA_Geni_4438_K1
Helsingborg N	SE_STA_CAMERA_Geni_4131_K1
Handöl	SE_STA_CAMERA_Geni_4659_K1
Grinda	SE_STA_CAMERA_Geni_4833_K1
Hagsta	SE_STA_CAMERA_Geni_4419_K1
Grindmotet	SE_STA_CAMERA_Geni_4195_K1
Hinnakull	SE_STA_CAMERA_Geni_4511_K1
Holmsund	SE_STA_CAMERA_Geni_4699_K1
Horred	SE_STA_CAMERA_Geni_4498_K1
Hushaga	SE_STA_CAMERA_Geni_4932_K1
Hok	SE_STA_CAMERA_Geni_4589_K1
Hallandsåsen	SE_STA_CAMERA_Geni_4103_K1
Hultagård	SE_STA_CAMERA_Geni_4388_K1
Grindstugan	SE_STA_CAMERA_Geni_4877_K1
Gruvorna	SE_STA_CAMERA_Geni_4323_K1
Hallsbergs bangård	SE_STA_CAMERA_Geni_4920_K1
Huskvarna	SE_STA_CAMERA_Geni_4369_K1
Holafors/Näsåker	SE_STA_CAMERA_Geni_4739_K1
Hud	SE_STA_CAMERA_Geni_4300_K1
Humla	SE_STA_CAMERA_Geni_4481_K1
Holmfors 2	SE_STA_CAMERA_Geni_4871_K1
Hån	SE_STA_CAMERA_Geni_4368_K1
Gryttjesjön	SE_STA_CAMERA_Geni_4723_K1
Husum	SE_STA_CAMERA_Geni_4685_K1
Huveröd	SE_STA_CAMERA_Geni_4630_K1
Hundshult	SE_STA_CAMERA_Geni_4434_K1
Hägernäs	SE_STA_CAMERA_Geni_4856_K1
Huvdaby	SE_STA_CAMERA_Geni_4270_K1
Gränssjö	SE_STA_CAMERA_Geni_4414_K1
Hallstahammar	SE_STA_CAMERA_Geni_4771_K1
Hyttön	SE_STA_CAMERA_Geni_4016_K1
Hurva	SE_STA_CAMERA_Geni_4229_K1
Hål	SE_STA_CAMERA_Geni_4573_K1
Hällbydammen	SE_STA_CAMERA_Geni_4344_K1
Hållet	SE_STA_CAMERA_Geni_4004_K1
Hästveda	SE_STA_CAMERA_Geni_4528_K1
Gräshult	SE_STA_CAMERA_Geni_4719_K1
Höje	SE_STA_CAMERA_Geni_4747_K1
Hällestad	SE_STA_CAMERA_Geni_4593_K1
Gräsö	SE_STA_CAMERA_Geni_4765_K1
Högakusten	SE_STA_CAMERA_Geni_4829_K1
Hällnäs	SE_STA_CAMERA_Geni_4365_K1
Högfjällshotellet	SE_STA_CAMERA_Geni_2015_K1
Hökafältet	SE_STA_CAMERA_Geni_4731_K1
Hökaberg	SE_STA_CAMERA_Geni_4534_K1
Grödinge	SE_STA_CAMERA_Geni_4583_K1
Höganäs S	SE_STA_CAMERA_Geni_4909_K1
Härad	SE_STA_CAMERA_Geni_4554_K1
Hökmarksberget	SE_STA_CAMERA_Geni_4398_K1
Högsnäs	SE_STA_CAMERA_Geni_4497_K1
Irsta	SE_STA_CAMERA_Geni_4538_K1
Högåsen	SE_STA_CAMERA_Geni_4610_K1
Hörby	SE_STA_CAMERA_Geni_4951_K1
Gröndal	SE_STA_CAMERA_Geni_418_K1
Gullberg	SE_STA_CAMERA_Geni_4491_K1
Högbacka	SE_STA_CAMERA_Geni_4741_K1
Jeriko	SE_STA_CAMERA_Geni_4477_K1
Häradsbäck	SE_STA_CAMERA_Geni_4647_K1
Hörby N E22	SE_STA_CAMERA_Geni_4077_K1
Johannesberg	SE_STA_CAMERA_Geni_4761_K1
Jättendal	SE_STA_CAMERA_Geni_4724_K1
Gullspång	SE_STA_CAMERA_Geni_4391_K1
Järnforsen	SE_STA_CAMERA_Geni_4599_K1
Immetorp	SE_STA_CAMERA_Geni_4536_K1
Gullebo	SE_STA_CAMERA_Geni_4428_K1
Igelbäcken	SE_STA_CAMERA_Geni_4370_K1
Jordbron	SE_STA_CAMERA_Geni_1916_K1
Jävrebyn	SE_STA_CAMERA_Geni_4664_K1
Kalseröd	SE_STA_CAMERA_Geni_4692_K1
Junosuando	SE_STA_CAMERA_Geni_4812_K1
Gumhöjden	SE_STA_CAMERA_Geni_4611_K1
Härja	SE_STA_CAMERA_Geni_4895_K1
Jäkkvik	SE_STA_CAMERA_Geni_4364_K1
Härsängen	SE_STA_CAMERA_Geni_4064_K1
Gunnarn	SE_STA_CAMERA_Geni_4873_K1
Karlshamn	SE_STA_CAMERA_Geni_4638_K1
Ingasjön	SE_STA_CAMERA_Geni_4510_K1
Jörlanda	SE_STA_CAMERA_Geni_4385_K1
Hässleholm S	SE_STA_CAMERA_Geni_4317_K1
Kappelshamn	SE_STA_CAMERA_Geni_4737_K1
Järabacken	SE_STA_CAMERA_Geni_4363_K1
Adolfslund	SE_STA_CAMERA_Geni_4799_K1
Gunnarstorp	SE_STA_CAMERA_Geni_4625_K1
Killeberg	SE_STA_CAMERA_Geni_1115_K1
Kindsjön	SE_STA_CAMERA_Geni_4452_K1
Kitkiöjoki K	SE_STA_CAMERA_Geni_4816_K1
Kumla	SE_STA_CAMERA_Geni_4539_K1
Alskog	SE_STA_CAMERA_Geni_913_K1
Karlsvik	SE_STA_CAMERA_Geni_4405_K1
Järna	SE_STA_CAMERA_Geni_4564_K1
Kulla	SE_STA_CAMERA_Geni_4494_K1
Karesuando	SE_STA_CAMERA_Geni_4334_K1
Gunneby	SE_STA_CAMERA_Geni_4695_K1
Kasa	SE_STA_CAMERA_Geni_4382_K1
Kätkesuando	SE_STA_CAMERA_Geni_4815_K1
Kattisavan	SE_STA_CAMERA_Geni_4874_K1
Kullavik	SE_STA_CAMERA_Geni_4459_K1
Karlsbro	SE_STA_CAMERA_Geni_4952_K1
Kungsör	SE_STA_CAMERA_Geni_4543_K1
Kungsängen	SE_STA_CAMERA_Geni_4568_K1
Linnebäck	SE_STA_CAMERA_Geni_4324_K1
Kåtaviken	SE_STA_CAMERA_Geni_2453_K1
Kassmyra 2	SE_STA_CAMERA_Geni_4844_K1
Kärragärde	SE_STA_CAMERA_Geni_4119_K1
Kungsbacka	SE_STA_CAMERA_Geni_4463_K1
Kungälv	SE_STA_CAMERA_Geni_4390_K1
Lisskogsasen	SE_STA_CAMERA_Geni_4354_K1
Kvarntorp	SE_STA_CAMERA_Geni_4852_K1
Ljusne	SE_STA_CAMERA_Geni_4014_K1
Ljusdal	SE_STA_CAMERA_Geni_4758_K1
Kattleberg	SE_STA_CAMERA_Geni_4487_K1
Ljungan	SE_STA_CAMERA_Geni_4709_K1
Kerstinbo	SE_STA_CAMERA_Geni_4105_K1
Klintehamn	SE_STA_CAMERA_Geni_4559_K1
Kävlinge	SE_STA_CAMERA_Geni_4930_K1
Kullebo	SE_STA_CAMERA_Geni_4362_K1
Loftahammar	SE_STA_CAMERA_Geni_4523_K1
Ljungby	SE_STA_CAMERA_Geni_4404_K1
Klämman	SE_STA_CAMERA_Geni_4458_K1
Kila	SE_STA_CAMERA_Geni_4486_K1
Lohällan	SE_STA_CAMERA_Geni_4858_K1
Ljungbyholm	SE_STA_CAMERA_Geni_4408_K1
Litslena	SE_STA_CAMERA_Geni_4850_K1
Lossendammen	SE_STA_CAMERA_Geni_4099_K1
Kullsbjörken	SE_STA_CAMERA_Geni_4805_K1
Lojsta	SE_STA_CAMERA_Geni_4763_K1
Kävstabron	SE_STA_CAMERA_Geni_4673_K1
Lyrestad	SE_STA_CAMERA_Geni_4384_K1
Klockrike	SE_STA_CAMERA_Geni_4609_K1
Lönsboda	SE_STA_CAMERA_Geni_4836_K1
Lutton	SE_STA_CAMERA_Geni_4644_K1
Lomselenäs	SE_STA_CAMERA_Geni_4422_K1
Köinge	SE_STA_CAMERA_Geni_4466_K1
Kvikkjokk	SE_STA_CAMERA_Geni_4859_K1
Kvälleberg	SE_STA_CAMERA_Geni_4418_K1
Klöverträsk	SE_STA_CAMERA_Geni_4668_K1
Lövberga	SE_STA_CAMERA_Geni_4023_K1
Långsel	SE_STA_CAMERA_Geni_4776_K1
Köpmannebro	SE_STA_CAMERA_Geni_4269_K1
Luten	SE_STA_CAMERA_Geni_4865_K1
Mariedal	SE_STA_CAMERA_Geni_4495_K1
Ljurhalla	SE_STA_CAMERA_Geni_4863_K1
Kymbo	SE_STA_CAMERA_Geni_4376_K1
Lynghög	SE_STA_CAMERA_Geni_4512_K1
Marka	SE_STA_CAMERA_Geni_4853_K1
Markaryd	SE_STA_CAMERA_Geni_4957_K1
Knappåsen	SE_STA_CAMERA_Geni_4793_K1
Medstugan	SE_STA_CAMERA_Geni_4377_K1
Lövstad	SE_STA_CAMERA_Geni_4426_K1
Lövstabruk	SE_STA_CAMERA_Geni_4451_K1
Knixhult	SE_STA_CAMERA_Geni_4114_K1SONY
Masugnsbyn	SE_STA_CAMERA_Geni_4809_K1
Mehedeby	SE_STA_CAMERA_Geni_4545_K1
Marås	SE_STA_CAMERA_Geni_4351_K1
Malmö Ö	SE_STA_CAMERA_Geni_4869_K1
Martebo	SE_STA_CAMERA_Geni_4557_K1
Långvattnet	SE_STA_CAMERA_Geni_4680_K1
Kåbdalis	SE_STA_CAMERA_Geni_4412_K1
Mellansel	SE_STA_CAMERA_Geni_4682_K1
Mattmar K	SE_STA_CAMERA_Geni_4864_K1
Långviksvallen	SE_STA_CAMERA_Geni_4861_K1
Laganrasten	SE_STA_CAMERA_Geni_4950_K1
Mellansundet	SE_STA_CAMERA_Geni_4770_K1
Mårdsele	SE_STA_CAMERA_Geni_4442_K1
Kåge	SE_STA_CAMERA_Geni_4970_K1
Maskaur	SE_STA_CAMERA_Geni_4642_K1
Moraberg	SE_STA_CAMERA_Geni_4567_K1
Lagmansered	SE_STA_CAMERA_Geni_4840_K1
Låstad	SE_STA_CAMERA_Geni_4966_K1
Mantorp	SE_STA_CAMERA_Geni_4424_K1
Kolmården	SE_STA_CAMERA_Geni_4333_K1
Myggsjön	SE_STA_CAMERA_Geni_4123_K1
Mosås	SE_STA_CAMERA_Geni_4531_K1
Motala	SE_STA_CAMERA_Geni_4926_K1
Marieberg	SE_STA_CAMERA_Geni_4532_K1
Mariannelund	SE_STA_CAMERA_Geni_4049_K1
Knutshult	SE_STA_CAMERA_Geni_4367_K1
Merkenäs Ö	SE_STA_CAMERA_Geni_2551_K1
Mårtanberg	SE_STA_CAMERA_Geni_4490_K1
Läggesta	SE_STA_CAMERA_Geni_4305_K1SONY
Mörrum	SE_STA_CAMERA_Geni_4326_K1
Meselefors	SE_STA_CAMERA_Geni_4900_K1
Morshyttan	SE_STA_CAMERA_Geni_4857_K1
Motorp	SE_STA_CAMERA_Geni_4345_K1
Målerås	SE_STA_CAMERA_Geni_4934_K1
Landfjärden	SE_STA_CAMERA_Geni_4784_K1
Mörtnäs	SE_STA_CAMERA_Geni_4711_K1
Möcklesund	SE_STA_CAMERA_Geni_4641_K1
Kopparberg	SE_STA_CAMERA_Geni_4855_K1
Landskrona S	SE_STA_CAMERA_Geni_4940_K1
Missenträsk	SE_STA_CAMERA_Geni_4441_K1
Löddeköpinge	SE_STA_CAMERA_Geni_4912_K1
Krampebro	SE_STA_CAMERA_Geni_4756_K1
N Sunderbyn	SE_STA_CAMERA_Geni_4359_K1
Mölnbo	SE_STA_CAMERA_Geni_4134_K1
Mosjön 2	SE_STA_CAMERA_Geni_4662_K1
Målilla	SE_STA_CAMERA_Geni_4938_K1
Mossjön	SE_STA_CAMERA_Geni_4717_K1
Lanna	SE_STA_CAMERA_Geni_4530_K1
Mångsbodarna	SE_STA_CAMERA_Geni_4889_K1
Narken	SE_STA_CAMERA_Geni_4400_K1
Norr Rödeby	SE_STA_CAMERA_Geni_4395_K1
N Sandsjö	SE_STA_CAMERA_Geni_4594_K1
Koppången	SE_STA_CAMERA_Geni_4443_K1
Moholm	SE_STA_CAMERA_Geni_4880_K1
Lönnhöjden	SE_STA_CAMERA_Geni_4456_K1
Mångstorp	SE_STA_CAMERA_Geni_4601_K1
Nya Hovmantorp	SE_STA_CAMERA_Geni_4660_K1
Mon	SE_STA_CAMERA_Geni_4337_K1
Norrheden	SE_STA_CAMERA_Geni_4407_K1
Kristianstad	SE_STA_CAMERA_Geni_4314_K1
Nya Trelleborg	SE_STA_CAMERA_Geni_4827_K1
Nattavaara	SE_STA_CAMERA_Geni_4845_K1
Månsemyr	SE_STA_CAMERA_Geni_4455_K1
Lansån	SE_STA_CAMERA_Geni_4399_K1
Nya Korsbäcken	SE_STA_CAMERA_Geni_4558_K1
Nya Månkarbo	SE_STA_CAMERA_Geni_4546_K1
Nedre Sopporo	SE_STA_CAMERA_Geni_4887_K1
Nya Hjälmaresund	SE_STA_CAMERA_Geni_4580_K1
Norrhög	SE_STA_CAMERA_Geni_4509_K1
Månseryd	SE_STA_CAMERA_Geni_4588_K1
Munkedal	SE_STA_CAMERA_Geni_4440_K1
Nedansjö	SE_STA_CAMERA_Geni_4704_K1
Mora	SE_STA_CAMERA_Geni_4811_K1
Kroktorp	SE_STA_CAMERA_Geni_4515_K1
Nybro	SE_STA_CAMERA_Geni_4633_K1
Lappträsk	SE_STA_CAMERA_Geni_4781_K1
Lauker	SE_STA_CAMERA_Geni_4897_K1
Niemisel	SE_STA_CAMERA_Geni_4777_K1
Oskarshamn	SE_STA_CAMERA_Geni_4327_K1
Nötberget	SE_STA_CAMERA_Geni_4574_K1
Nysäter	SE_STA_CAMERA_Geni_4867_K1
Lavad	SE_STA_CAMERA_Geni_4626_K1
Nikkaluokta	SE_STA_CAMERA_Geni_4335_K1
Nydala	SE_STA_CAMERA_Geni_4592_K1
Oxie	SE_STA_CAMERA_Geni_4483_K1
Kråkenäsryd	SE_STA_CAMERA_Geni_4944_K1
Månsåsen	SE_STA_CAMERA_Geni_4665_K1
Nötte Backar	SE_STA_CAMERA_Geni_4153_K1
Nya Tingsryd	SE_STA_CAMERA_Geni_4648_K1
Ledinge	SE_STA_CAMERA_Geni_257_K1
Nyåker	SE_STA_CAMERA_Geni_4878_K1
Ockelbo	SE_STA_CAMERA_Geni_4754_K1
Porjus	SE_STA_CAMERA_Geni_4841_K1
Nygård	SE_STA_CAMERA_Geni_4715_K1
Njutånger	SE_STA_CAMERA_Geni_4745_K1
Rockneby	SE_STA_CAMERA_Geni_4410_K1
Pickarbo	SE_STA_CAMERA_Geni_4782_K1
Leipojärvi	SE_STA_CAMERA_Geni_4849_K1
Noppikoski	SE_STA_CAMERA_Geni_4890_K1
Riddarhällan	SE_STA_CAMERA_Geni_4666_K1
Nyhem	SE_STA_CAMERA_Geni_4671_K1
Bankekind	SE_STA_CAMERA_Geni_4392_K1
Nämforsen	SE_STA_CAMERA_Geni_4735_K1
Od	SE_STA_CAMERA_Geni_4686_K1
Putsered	SE_STA_CAMERA_Geni_4732_K1
Roma	SE_STA_CAMERA_Geni_4807_K1
Norane	SE_STA_CAMERA_Geni_4342_K1
Ruskträsk	SE_STA_CAMERA_Geni_4870_K1
Rotebro	SE_STA_CAMERA_Geni_4586_K1
Roparudden	SE_STA_CAMERA_Geni_4640_K1
Nykyrka	SE_STA_CAMERA_Geni_4826_K1
Riksgränsen	SE_STA_CAMERA_Geni_4308_K2
Backaryd	SE_STA_CAMERA_Geni_4910_K1
Okenberget/Kyrkdal	SE_STA_CAMERA_Geni_4499_K1
Påskallavik	SE_STA_CAMERA_Geni_4413_K1
Lenhovda	SE_STA_CAMERA_Geni_4637_K1
Lidaviken	SE_STA_CAMERA_Geni_4834_K1
Rosenholm	SE_STA_CAMERA_Geni_4639_K1
Näs	SE_STA_CAMERA_Geni_4561_K1
Norberg	SE_STA_CAMERA_Geni_4788_K1
Råddeby	SE_STA_CAMERA_Geni_4502_K1
Normaling	SE_STA_CAMERA_Geni_4307_K1
Ruskåsen	SE_STA_CAMERA_Geni_4338_K1
Ollsta	SE_STA_CAMERA_Geni_4504_K1
Alster	SE_STA_CAMERA_Geni_4454_K1
Raddetorp	SE_STA_CAMERA_Geni_4475_K1
Rådmansö	SE_STA_CAMERA_Geni_4529_K1
Riksgränsen	SE_STA_CAMERA_Geni_2519_K1
Näs/Fåker	SE_STA_CAMERA_Geni_4411_K1
Olseröd	SE_STA_CAMERA_Geni_4146_K1
Skillingaryd	SE_STA_CAMERA_Geni_4045_K1
Rimjokk	SE_STA_CAMERA_Geni_2529_K1
Lilla Hammarsundet	SE_STA_CAMERA_Geni_4851_K1
Röstesjön	SE_STA_CAMERA_Geni_4830_K1
Nässjö	SE_STA_CAMERA_Geni_4947_K1
Sirsjön	SE_STA_CAMERA_Geni_1827_K1
Råneå	SE_STA_CAMERA_Geni_4312_K1
Rätan	SE_STA_CAMERA_Geni_4679_K1
Nässundet	SE_STA_CAMERA_Geni_4922_K1
Lilleskog	SE_STA_CAMERA_Geni_4627_K1
Råsta	SE_STA_CAMERA_Geni_4098_K1
Rya	SE_STA_CAMERA_Geni_4885_K1
Skeppmora	SE_STA_CAMERA_Geni_4839_K1
Sissebäck	SE_STA_CAMERA_Geni_4436_K1
Räktforsen	SE_STA_CAMERA_Geni_4783_K1
Rälla	SE_STA_CAMERA_Geni_4942_K1
Skeneskog	SE_STA_CAMERA_Geni_4489_K1
Ringarum	SE_STA_CAMERA_Geni_4431_K1
Raftsjöhöjden	SE_STA_CAMERA_Geni_4506_K1
Norr Backe	SE_STA_CAMERA_Geni_4681_K1
Olofström	SE_STA_CAMERA_Geni_4646_K1
Skattebacka	SE_STA_CAMERA_Geni_4738_K1
Rydsnäs	SE_STA_CAMERA_Geni_4591_K1
Rörum	SE_STA_CAMERA_Geni_4272_K1
Lillhem	SE_STA_CAMERA_Geni_4473_K1
Rute	SE_STA_CAMERA_Geni_4562_K1
Rävemåla	SE_STA_CAMERA_Geni_4945_K1
Ristjärn	SE_STA_CAMERA_Geni_4352_K1
Strängstorp	SE_STA_CAMERA_Geni_427_K1
Röstånga	SE_STA_CAMERA_Geni_4522_K1
Rynge	SE_STA_CAMERA_Geni_4457_K1
Skärmarbod	SE_STA_CAMERA_Geni_4525_K1
Ransjö	SE_STA_CAMERA_Geni_4728_K1
Slättäng	SE_STA_CAMERA_Geni_4356_K1
Lillsel	SE_STA_CAMERA_Geni_4358_K1
Lillsjön	SE_STA_CAMERA_Geni_4965_K1
Risträsk	SE_STA_CAMERA_Geni_4902_K1
Röksberg	SE_STA_CAMERA_Geni_4595_K1
Smälingen	SE_STA_CAMERA_Geni_4804_K1
Rönnberg	SE_STA_CAMERA_Geni_4645_K1
Skuleberget	SE_STA_CAMERA_Geni_2208_K1
Spjute/Bjästa	SE_STA_CAMERA_Geni_4684_K1
Skogsta	SE_STA_CAMERA_Geni_4725_K1
S Berga	SE_STA_CAMERA_Geni_4449_K1
Ryssby k	SE_STA_CAMERA_Geni_4941_K1
Skröven	SE_STA_CAMERA_Geni_4846_K1
Rengsjö	SE_STA_CAMERA_Geni_4748_K1
Salem	SE_STA_CAMERA_Geni_4073_K1
Salmis	SE_STA_CAMERA_Geni_4310_K1
Smygehamn	SE_STA_CAMERA_Geni_4315_K1
Spjutmosjön	SE_STA_CAMERA_Geni_4010_K1
Snäre	SE_STA_CAMERA_Geni_4519_K1
Sagån	SE_STA_CAMERA_Geni_4541_K1
Lillsjöhögen	SE_STA_CAMERA_Geni_4706_K1
Sjöbo	SE_STA_CAMERA_Geni_4935_K1
Slytan	SE_STA_CAMERA_Geni_4579_K1
Nöbbele	SE_STA_CAMERA_Geni_4616_K1
Ryggen	SE_STA_CAMERA_Geni_4012_K1
Stadsberget	SE_STA_CAMERA_Geni_4416_K1
Sladdåsen	SE_STA_CAMERA_Geni_4921_K1
Röjdåfors	SE_STA_CAMERA_Geni_4789_K1
Sjöboda	SE_STA_CAMERA_Geni_4044_K1
Slorud	SE_STA_CAMERA_Geni_4604_K1
Soten	SE_STA_CAMERA_Geni_4736_K1
Lillån	SE_STA_CAMERA_Geni_4551_K1
Skärplinge	SE_STA_CAMERA_Geni_4764_K1
Stallarp	SE_STA_CAMERA_Geni_4606_K1
Reaskäl	SE_STA_CAMERA_Geni_4701_K1
Skottekasen	SE_STA_CAMERA_Geni_4628_K1
Speked	SE_STA_CAMERA_Geni_4450_K1
Limingojärvi	SE_STA_CAMERA_Geni_4806_K1
Surte	SE_STA_CAMERA_Geni_4479_K1
Sjöland	SE_STA_CAMERA_Geni_4520_K1
Renström	SE_STA_CAMERA_Geni_4632_K1
Stugunäs	SE_STA_CAMERA_Geni_4313_K1
Sverkesta	SE_STA_CAMERA_Geni_4831_K1
Rentjärn	SE_STA_CAMERA_Geni_4402_K1
Rönnöfors	SE_STA_CAMERA_Geni_4698_K1
Skånes Fagerhult	SE_STA_CAMERA_Geni_4884_K1
Stallbackabron	SE_STA_CAMERA_Geni_4753_K1
Sandby	SE_STA_CAMERA_Geni_4620_K1
Limskogen	SE_STA_CAMERA_Geni_4013_K1
Stöllet	SE_STA_CAMERA_Geni_4339_K1
Solberg	SE_STA_CAMERA_Geni_4773_K1
Svinesundsbron	SE_STA_CAMERA_Geni_1439_K1
Svarten	SE_STA_CAMERA_Geni_4465_K1
Skaraberg	SE_STA_CAMERA_Geni_4936_K1
Solberg2	SE_STA_CAMERA_Geni_4828_K1
Svinesundsbron	SE_STA_CAMERA_Geni_1439_K2
Skarda	SE_STA_CAMERA_Geni_4875_K1
Skälvum	SE_STA_CAMERA_Geni_4063_K1
Stensbordet	SE_STA_CAMERA_Geni_4271_K1
Sättra	SE_STA_CAMERA_Geni_4800_K1
Svalöv	SE_STA_CAMERA_Geni_4954_K1
Stömne	SE_STA_CAMERA_Geni_4607_K1
Rörström	SE_STA_CAMERA_Geni_4683_K1
Sandsjöbacka	SE_STA_CAMERA_Geni_4464_K1
Svedala	SE_STA_CAMERA_Geni_4132_K1
Solna	SE_STA_CAMERA_Geni_4569_K1
Lindsbro	SE_STA_CAMERA_Geni_4577_K1
Svärta	SE_STA_CAMERA_Geni_4553_K1
Sangiskvarn	SE_STA_CAMERA_Geni_4779_K1
Stensta	SE_STA_CAMERA_Geni_4612_K1
Svärtinge	SE_STA_CAMERA_Geni_4928_K1
Skärfälten	SE_STA_CAMERA_Geni_4547_K1
Svedala Ö	SE_STA_CAMERA_Geni_4911_K1
Stöpafors K	SE_STA_CAMERA_Geni_4768_K1
Linköping	SE_STA_CAMERA_Geni_4306_K1SONY
Tolsjö	SE_STA_CAMERA_Geni_4956_K1
Söderåkra	SE_STA_CAMERA_Geni_4328_K1
Saxnäs	SE_STA_CAMERA_Geni_4786_K1
Svinnegarn	SE_STA_CAMERA_Geni_4550_K1
Sigtuna	SE_STA_CAMERA_Geni_4968_K1
Solvarbo	SE_STA_CAMERA_Geni_4537_K1
Tomelilla	SE_STA_CAMERA_Geni_4076_K1
Reutersberg	SE_STA_CAMERA_Geni_4542_K1
Sonö	SE_STA_CAMERA_Geni_4453_K1
Sudersand	SE_STA_CAMERA_Geni_4972_K1
Tranås	SE_STA_CAMERA_Geni_4931_K1
Säve	SE_STA_CAMERA_Geni_4746_K1
Torild	SE_STA_CAMERA_Geni_4470_K1
Sillre	SE_STA_CAMERA_Geni_4678_K1
Sältermotet	SE_STA_CAMERA_Geni_4425_K1
Södra Flät	SE_STA_CAMERA_Geni_4427_K1
Vallby	SE_STA_CAMERA_Geni_4578_K1
Tornehamn	SE_STA_CAMERA_Geni_2517_K1AXIS221
Revasaari	SE_STA_CAMERA_Geni_2565_K1
Sundsvall 2	SE_STA_CAMERA_Geni_4802_K1
Surahammar	SE_STA_CAMERA_Geni_1909_K1
Torpabron	SE_STA_CAMERA_Geni_4838_K1
Sävträsk	SE_STA_CAMERA_Geni_4397_K1
Bastkärn	SE_STA_CAMERA_Geni_4535_K1
Varuträsk	SE_STA_CAMERA_Geni_4636_K1
Stora Hammarsundet	SE_STA_CAMERA_Geni_4702_K1
Simeå	SE_STA_CAMERA_Geni_2121_K1
Sävjaån	SE_STA_CAMERA_Geni_4544_K1
Tomta	SE_STA_CAMERA_Geni_4576_K1
Sörberga	SE_STA_CAMERA_Geni_1904_K1
Vallsjön	SE_STA_CAMERA_Geni_4081_K1
Tommared	SE_STA_CAMERA_Geni_4700_K1
Sörbo2	SE_STA_CAMERA_Geni_4893_K1
Vårgårda	SE_STA_CAMERA_Geni_4121_K1
Torpa	SE_STA_CAMERA_Geni_4461_K1
Vittene	SE_STA_CAMERA_Geni_4380_K1
Åre	SE_STA_CAMERA_Geni_4661_K1
Vassijaure	SE_STA_CAMERA_Geni_4696_K1
Simlångsdalen	SE_STA_CAMERA_Geni_4847_K1
Trekanten	SE_STA_CAMERA_Geni_4421_K1
Valnäs	SE_STA_CAMERA_Geni_4349_K1
Trillevallen	SE_STA_CAMERA_Geni_4667_K1
Simtuna	SE_STA_CAMERA_Geni_4540_K1
Västervik	SE_STA_CAMERA_Geni_4430_K1
Stora Sjöfallet	SE_STA_CAMERA_Geni_2534_K1
Söderhall	SE_STA_CAMERA_Geni_4785_K1
Vassnäs	SE_STA_CAMERA_Geni_4718_K1
Tullinge	SE_STA_CAMERA_Geni_4571_K1
Tumba	SE_STA_CAMERA_Geni_4810_K1
Sörsjön	SE_STA_CAMERA_Geni_4818_K1
Åttonträsk	SE_STA_CAMERA_Geni_4309_K1
Väddö	SE_STA_CAMERA_Geni_4969_K1
Västeråsen	SE_STA_CAMERA_Geni_4582_K1
Torpshammar	SE_STA_CAMERA_Geni_4386_K1
Sörvattnet	SE_STA_CAMERA_Geni_4742_K1
Ölme	SE_STA_CAMERA_Geni_4347_K1
Söderköping	SE_STA_CAMERA_Geni_4057_K1
Vrangelsro	SE_STA_CAMERA_Geni_4963_K1
Älgmyran	SE_STA_CAMERA_Geni_4882_K1
Väderstad	SE_STA_CAMERA_Geni_4322_K1
Älandsbro	SE_STA_CAMERA_Geni_4677_K1
Åstorp 2	SE_STA_CAMERA_Geni_4860_K1
Valsjöbyn	SE_STA_CAMERA_Geni_4703_K1
Vittjärn	SE_STA_CAMERA_Geni_4796_K1
Storberget	SE_STA_CAMERA_Geni_4603_K1
Årjäng	SE_STA_CAMERA_Geni_4757_K1
Vattjom	SE_STA_CAMERA_Geni_4705_K1
Ölandsbron Hög	SE_STA_CAMERA_Geni_4321_K1
Torsvik	SE_STA_CAMERA_Geni_4360_K1
Västra Ed	SE_STA_CAMERA_Geni_4054_K1
Vaxholm	SE_STA_CAMERA_Geni_4778_K1
Södertälje	SE_STA_CAMERA_Geni_4566_K1
Taglarmyren	SE_STA_CAMERA_Geni_4943_K1
Älgsjö	SE_STA_CAMERA_Geni_4899_K1
Vätterhaga	SE_STA_CAMERA_Geni_4570_K1
Stormon	SE_STA_CAMERA_Geni_4346_K1
Önusberget	SE_STA_CAMERA_Geni_4336_K1
Örnahusen	SE_STA_CAMERA_Geni_4447_K1
Albrunna	SE_STA_CAMERA_Geni_4939_K1
Vånga	SE_STA_CAMERA_Geni_4964_K1
Åsträsk	SE_STA_CAMERA_Geni_4650_K1
Österböle	SE_STA_CAMERA_Geni_2325_K1
Östergarn	SE_STA_CAMERA_Geni_4769_K1
Vänsjö	SE_STA_CAMERA_Geni_4518_K1
Vellinge	SE_STA_CAMERA_Geni_4825_K1
Storsävarträsk	SE_STA_CAMERA_Geni_4649_K1
Tandsjöborg	SE_STA_CAMERA_Geni_4835_K1
Turinge	SE_STA_CAMERA_Geni_4915_K1
Tånnö	SE_STA_CAMERA_Geni_4446_K1
Torvalla	SE_STA_CAMERA_Geni_4581_K1
Älta	SE_STA_CAMERA_Geni_4795_K1
Övre bäck	SE_STA_CAMERA_Geni_4311_K1
Öreryd	SE_STA_CAMERA_Geni_4946_K1
Värlebo	SE_STA_CAMERA_Geni_4301_K1
Tegnaby	SE_STA_CAMERA_Geni_4433_K1
Älvsnabben	SE_STA_CAMERA_Geni_4862_K1
Vemdalsskalet	SE_STA_CAMERA_Geni_4656_K1
Täfteböle	SE_STA_CAMERA_Geni_4619_K1
Öringe	SE_STA_CAMERA_Geni_4613_K1
Öxabäck	SE_STA_CAMERA_Geni_4933_K1
Östra Husby	SE_STA_CAMERA_Geni_4618_K1
Tegsbron	SE_STA_CAMERA_Geni_4083_K1
Storviksstationen	SE_STA_CAMERA_Geni_4340_K1
Viared	SE_STA_CAMERA_Geni_4961_K1
Tälje	SE_STA_CAMERA_Geni_4693_K1
Öxnäs	SE_STA_CAMERA_Geni_4713_K1
Annefors	SE_STA_CAMERA_Geni_4743_K1
Vibolångsjön	SE_STA_CAMERA_Geni_4744_K1
Testeboån	SE_STA_CAMERA_Geni_4729_K1
Västerhaninge	SE_STA_CAMERA_Geni_4135_K1
Töre	SE_STA_CAMERA_Geni_4396_K1
Åbro	SE_STA_CAMERA_Geni_4752_K1
Ängersjö2	SE_STA_CAMERA_Geni_4879_K1
Ärtrik	SE_STA_CAMERA_Geni_4513_K1
Tärendö	SE_STA_CAMERA_Geni_4401_K1
Överhogdal	SE_STA_CAMERA_Geni_4409_K1
Stråvall	SE_STA_CAMERA_Geni_4460_K1
Östraby	SE_STA_CAMERA_Geni_4316_K1
Äspekärr	SE_STA_CAMERA_Geni_4482_K1
Åby	SE_STA_CAMERA_Geni_4319_K1
Överboda	SE_STA_CAMERA_Geni_4894_K1
Strängsered	SE_STA_CAMERA_Geni_4069_K1
Viksberg	SE_STA_CAMERA_Geni_4866_K1
Tierp	SE_STA_CAMERA_Geni_4916_K1
Åby 2	SE_STA_CAMERA_Geni_4617_K1
Törnåkra	SE_STA_CAMERA_Geni_4643_K1
Ätran	SE_STA_CAMERA_Geni_4467_K1
Timrå	SE_STA_CAMERA_Geni_4672_K1
Övertårneå	SE_STA_CAMERA_Geni_4787_K1
Vimmerby	SE_STA_CAMERA_Geni_4429_K1
Tjörnarp	SE_STA_CAMERA_Geni_4953_K1
Vinliden	SE_STA_CAMERA_Geni_2456_K1
Åhus	SE_STA_CAMERA_Geni_4896_K1
Överum	SE_STA_CAMERA_Geni_4623_K1
Uddevallabron N	SE_STA_CAMERA_Geni_4138_K1
Ö Bålsta	SE_STA_CAMERA_Geni_4572_K1
Åkersberga	SE_STA_CAMERA_Geni_4791_K1
Tjörnbron	SE_STA_CAMERA_Geni_4492_K1
Ö-vik/Åsberge	SE_STA_CAMERA_Geni_4823_K1
Åkroken	SE_STA_CAMERA_Geni_4500_K1
Ö Karup	SE_STA_CAMERA_Geni_4907_K1
Ö Ljungby	SE_STA_CAMERA_Geni_4445_K1
Vinninga	SE_STA_CAMERA_Geni_4955_K1
Åkroken 2	SE_STA_CAMERA_Geni_4774_K1
Åland	SE_STA_CAMERA_Geni_4766_K1
Ö Perstorp	SE_STA_CAMERA_Geni_4147_K1
Vintjärn	SE_STA_CAMERA_Geni_4817_K1
Åmål	SE_STA_CAMERA_Geni_4906_K1
Ullatti	SE_STA_CAMERA_Geni_4848_K1
Tolkabro	SE_STA_CAMERA_Geni_4923_K1
Ullnasjön	SE_STA_CAMERA_Geni_4556_K1
Ölandsbron Låg	SE_STA_CAMERA_Geni_4110_K1
Åmänningen	SE_STA_CAMERA_Geni_4792_K1
Ödeshög	SE_STA_CAMERA_Geni_4423_K1
Virserum	SE_STA_CAMERA_Geni_4600_K1
Annerstad	SE_STA_CAMERA_Geni_4372_K1
Ödsmål	SE_STA_CAMERA_Geni_4381_K1
Umasjö	SE_STA_CAMERA_Geni_2406_K1
Ulriksberg	SE_STA_CAMERA_Geni_4891_K1
Vissefjärda	SE_STA_CAMERA_Geni_4622_K1
Alvesta	SE_STA_CAMERA_Geni_4615_K1
Ånäset	SE_STA_CAMERA_Geni_4393_K1
Upplid	SE_STA_CAMERA_Geni_4378_K1
Uppsala	SE_STA_CAMERA_Geni_326_K1
Alsterbro	SE_STA_CAMERA_Geni_4624_K1
Uppskedika	SE_STA_CAMERA_Geni_4548_K1
Ankarsrum	SE_STA_CAMERA_Geni_4303_K1
Urvalla	SE_STA_CAMERA_Geni_4585_K1
Vadje	SE_STA_CAMERA_Geni_4448_K1
Vadstena	SE_STA_CAMERA_Geni_4575_K1
Vadstugan	SE_STA_CAMERA_Geni_4949_K1
Vajmat	SE_STA_CAMERA_Geni_4842_K1
Valdemarsvik	SE_STA_CAMERA_Geni_4967_K1
Valkeakoski	SE_STA_CAMERA_Geni_4403_K1
Valhalla	SE_STA_CAMERA_Geni_4843_K1
Alunda	SE_STA_CAMERA_Geni_4325_K1
Alfta	SE_STA_CAMERA_Geni_4435_K1
Bernshammar	SE_STA_CAMERA_Geni_4772_K1
Avvakko	SE_STA_CAMERA_Geni_4406_K1
Bastunäs	SE_STA_CAMERA_Geni_4635_K1
Arlanda	SE_STA_CAMERA_Geni_4563_K1
Ammarnäs	SE_STA_CAMERA_Geni_4892_K1
Adelöv	SE_STA_CAMERA_Geni_4590_K1
Alby	SE_STA_CAMERA_Geni_4691_K1
Baskarp	SE_STA_CAMERA_Geni_4587_K1
Allejaur	SE_STA_CAMERA_Geni_4366_K1
Bergfors	SE_STA_CAMERA_Geni_4690_K1
Bergarud	SE_STA_CAMERA_Geni_4918_K1
Boafall	SE_STA_CAMERA_Geni_4984_K1
Gröndal	SE_STA_CAMERA_Geni_4983_K1
Lekhyttan	SE_STA_CAMERA_Geni_4980_K1
Merkenäs V	SE_STA_CAMERA_Geni_2549_K1
Merkenäs V	SE_STA_CAMERA_Geni_4975_K1
Nynäshamn	SE_STA_CAMERA_Geni_4977_K1
Nynäshamn	SE_STA_CAMERA_Geni_248_K1
Riddarhyttan	SE_STA_CAMERA_Geni_4974_K1
Riddarhyttan	SE_STA_CAMERA_Geni_1911_K1
Alingsås Svearondellen	SE_STA_CAMERA_0_1075000557
Alingsås Svearondellen	SE_STA_CAMERA_0_1075001217
Angeredsbron västerut	SE_STA_CAMERA_0_1075000865
Bräckemotet söderut	SE_STA_CAMERA_0_1075000506
Cpl Mossen	SE_STA_CAMERA_0_607
Cpl Mossen	SE_STA_CAMERA_0_606
Sparreholm	SE_STA_CAMERA_Geni_4976_K1
Sparreholm	SE_STA_CAMERA_Geni_410_K1
Falutorget Norra	SE_STA_CAMERA_0_1075001058
Stor Yan	SE_STA_CAMERA_Geni_4979_K1
Falutorget Norra	SE_STA_CAMERA_0_1075001059
Finnsbo österut	SE_STA_CAMERA_0_4002142
Stor Yan	SE_STA_CAMERA_Geni_2140_K1
Fornhöjden södra	SE_STA_CAMERA_0_552
Getinge sydost	SE_STA_CAMERA_0_1075001083
Gnistängstunneln norrut	SE_STA_CAMERA_0_1075001054
Gnistängstunneln söderut	SE_STA_CAMERA_0_1075001053
Gårdstenstunneln	SE_STA_CAMERA_0_1075000864
Götarondellen	SE_STA_CAMERA_0_1075001216
Götarondellen	SE_STA_CAMERA_0_1075000556
Götatunneln Lilla bommen västerut	SE_STA_CAMERA_0_1075001049
Götatunneln mynning Järntorget	SE_STA_CAMERA_0_1075001215
Hagaberg norra	SE_STA_CAMERA_0_553
Hagby 	SE_STA_CAMERA_0_608
Halmstad Norr söderut	SE_STA_CAMERA_0_1075001082
Halmstad Syd norrut	SE_STA_CAMERA_0_1075001075
Heberg nordväst	SE_STA_CAMERA_0_1075001077
Järntorget sydöst	SE_STA_CAMERA_0_1075001051
Järntorget västerut	SE_STA_CAMERA_0_1075001050
Järntorget österut	SE_STA_CAMERA_0_1075001052
Värmdö	SE_STA_CAMERA_Geni_4978_K1
Värmdö	SE_STA_CAMERA_Geni_242_K1
Kronåsen mot Uppsala	SE_STA_CAMERA_0_609
Kungsbacka Centrum	SE_STA_CAMERA_0_1075001214
Kvarndammen	SE_STA_CAMERA_0_1075001068
Kvibille	SE_STA_CAMERA_0_1075001078
Kvibille	SE_STA_CAMERA_0_1075001079
Lundbytunneln Bräcke mynning	SE_STA_CAMERA_0_1075000505
Lundbytunneln Öst bom österut	SE_STA_CAMERA_0_1075000572
Nordby	SE_STA_CAMERA_0_1075001080
Olskroksmotet norrut	SE_STA_CAMERA_0_1075000543
Olskroksmotet Södra nordväst	SE_STA_CAMERA_0_1075001013
Olskroksmotet Södra söderut	SE_STA_CAMERA_0_1075001014
Rosenhill	SE_STA_CAMERA_0_50438190
Rydbo 	SE_STA_CAMERA_0_605
Rödastensmotet nordost	SE_STA_CAMERA_0_1075001066
Rödastensmotet sydväst	SE_STA_CAMERA_0_1075001067
Skottorp norrut	SE_STA_CAMERA_0_1075001073
Skår västerut	SE_STA_CAMERA_0_4002153
Skår österut	SE_STA_CAMERA_0_4002152
Snapparp	SE_STA_CAMERA_0_1075001169
Snapparp	SE_STA_CAMERA_0_1075001074
Susedalen	SE_STA_CAMERA_0_1075001076
Susedalen	SE_STA_CAMERA_0_1075001168
Tingstadstunneln E6 nordväst	SE_STA_CAMERA_0_1075001055
Tingstadstunneln E45 bom	SE_STA_CAMERA_0_1075001056
Tingstadstunneln N	SE_STA_CAMERA_0_1075001057
Tpl Bredden norra	SE_STA_CAMERA_0_50438181
Tpl Rissne	SE_STA_CAMERA_0_596
Örgrytemotet Södra norrut	SE_STA_CAMERA_0_1075001063
Örgrytemotet Södra söderut	SE_STA_CAMERA_0_1075001064
Simeå	SE_STA_CAMERA_Geni_4985_K1
Blå grindar	SE_STA_CAMERA_Geni_4987_K1
Sicklalänken V	SE_STA_CAMERA_0_50438253
Sicklalänken Ö	SE_STA_CAMERA_0_50438255
Påarp norrut	SE_STA_CAMERA_0_1075001072
Annelundsmotet österut	SE_STA_CAMERA_0_1075001339
Annelundsmotet västerut	SE_STA_CAMERA_0_1075001340
Gläborgmotet österut	SE_STA_CAMERA_0_1075001081
Jordfallsbron Väst västerut	SE_STA_CAMERA_0_1075001060
Jordfallsbron Väst österut	SE_STA_CAMERA_0_1075001061
Jordfallsbron Öst västerut	SE_STA_CAMERA_0_1075001218
Nyängsrondellen nordost	SE_STA_CAMERA_0_1075001219
Slöinge sydöst	SE_STA_CAMERA_0_1075001084
Merkenäs Ö	SE_STA_CAMERA_Geni_4988_K1
Finnsbo västerut	SE_STA_CAMERA_0_4002141
Hägersten	SE_STA_CAMERA_0_50438315
Tpl Gröndal	SE_STA_CAMERA_0_50438314
Svappavaara 2	SE_STA_CAMERA_Geni_4989_K1
Brattebo	SE_STA_CAMERA_Geni_4991_K1
Gustavsberg	SE_STA_CAMERA_Geni_4990_K1
Strängstorp	SE_STA_CAMERA_Geni_4992_K1
Sirsjön	SE_STA_CAMERA_Geni_4993_K1
Säve Norrleden	SE_STA_CAMERA_0_1075001307
Resta	SE_STA_CAMERA_Geni_4994_K1
Högfjällshotellet	SE_STA_CAMERA_Geni_4995_K1
Killeberg	SE_STA_CAMERA_Geni_4996_K1
Jordbron	SE_STA_CAMERA_Geni_4998_K1
Alskog	SE_STA_CAMERA_Geni_4997_K1
Ledinge	SE_STA_CAMERA_Geni_4999_K1
Uppsala	SE_STA_CAMERA_Geni_5000_K1
Rimjokk	SE_STA_CAMERA_Geni_5001_K1
Revasaari	SE_STA_CAMERA_Geni_5002_K1
Trafikplats Kristineberg södra	SE_STA_CAMERA_0_50438322
Trafikplats Häggvik Södra N	SE_STA_CAMERA_0_50438326
Trafikplats Häggvik Södra S	SE_STA_CAMERA_0_50438325
Betalstation Norrtull	SE_STA_CAMERA_0_50438317
Ytterturingen2	SE_STA_CAMERA_Geni_5003_K1
Storbo/Idre	SE_STA_CAMERA_Geni_5004_K1
Tpl Lindvreten norra	SE_STA_CAMERA_0_50438328
Skärholmen	SE_STA_CAMERA_0_50438331
Tpl Storängsleden	SE_STA_CAMERA_0_50438241
Gullmarsplan	SE_STA_CAMERA_0_368000107
Johanneshovsbron N 	SE_STA_CAMERA_0_368000112
Johanneshovsbron S	SE_STA_CAMERA_0_368000110
Tegelbacken N	SE_STA_CAMERA_0_368000120
Tegelbacken S	SE_STA_CAMERA_0_368000118
Centralbron S	SE_STA_CAMERA_0_368000114
Centralbron N	SE_STA_CAMERA_0_368000116
Globen	SE_STA_CAMERA_0_368000105
Bräckemotet Syd	SE_STA_CAMERA_0_1075001867
Bräckemotet Syd	SE_STA_CAMERA_0_1075001868
Bräckemotet Väst	SE_STA_CAMERA_0_1075001870
Bräckemotet Väst	SE_STA_CAMERA_0_1075001871
Bräckemotet Syd	SE_STA_CAMERA_0_1075001866
Assar Gabrielssons väg	SE_STA_CAMERA_0_1075001873
Fiskebäcksmotet	SE_STA_CAMERA_0_1075001045
Fiskebäcksmotet	SE_STA_CAMERA_0_1075001286
Gullbergsmotet Norra	SE_STA_CAMERA_0_1075001498
Hisingsleden	SE_STA_CAMERA_0_1075001877
Hisingsleden	SE_STA_CAMERA_0_1075001878
Kållered	SE_STA_CAMERA_0_1075001314
Lundbytunneln Mynning Eriksberg	SE_STA_CAMERA_0_1075001048
Kållered	SE_STA_CAMERA_0_1075001313
Rådasjön Väst	SE_STA_CAMERA_0_1075001382
Rådasjön Väst	SE_STA_CAMERA_0_1075001381
Säve Norrleden	SE_STA_CAMERA_0_1075001308
Assar Gabrielssons väg	SE_STA_CAMERA_0_1075001875
Kungsbacka Centrum	SE_STA_CAMERA_0_1075000630
Ytterhamnsmotet	SE_STA_CAMERA_0_1075001882
Ytterhamnsmotet	SE_STA_CAMERA_0_1075001883
Partille Allum	SE_STA_CAMERA_0_1075001305
Partille Allum	SE_STA_CAMERA_0_1075001304
Assar Gabrielssons väg	SE_STA_CAMERA_0_1075001874
Marieholmsleden Skräppekärr	SE_STA_CAMERA_0_1075000507
Marieholmsleden Skräppekärr	SE_STA_CAMERA_0_1075000508
Ljungby Norra	SE_STA_CAMERA_0_1610623002
Ljungby Norra	SE_STA_CAMERA_0_1610623001
Ljungby Södra	SE_STA_CAMERA_0_1610622997
Ljungby Södra	SE_STA_CAMERA_0_1610622998
Fruängen	SE_STA_CAMERA_0_50438290
Fruängen norra	SE_STA_CAMERA_0_50438288
Fruängen södra	SE_STA_CAMERA_0_50438292
Tpl Bredäng	SE_STA_CAMERA_0_50438296
Tpl Bredäng norra	SE_STA_CAMERA_0_50438294
Tpl Västertorp södra	SE_STA_CAMERA_0_50438286
Solberga	SE_STA_CAMERA_0_50438278
Solberga norra	SE_STA_CAMERA_0_50438276
Solberga södra	SE_STA_CAMERA_0_50438280
Tpl Västertorp	SE_STA_CAMERA_0_50438284
Tpl Västertorp norra	SE_STA_CAMERA_0_50438282
Tpl Roslags Näsby	SE_STA_CAMERA_Orion_265
Håknarp2	SE_STA_CAMERA_Geni_5005_K1
Storlien2	SE_STA_CAMERA_Geni_5006_K1
Nordreälvbron	SE_STA_CAMERA_0_1075001927
Nordreälvbron	SE_STA_CAMERA_0_1075001928
Sörredsmotet nordväst	SE_STA_CAMERA_0_1075001860
Sörredsmotet nordöst	SE_STA_CAMERA_0_1075001859
Sörredsmotet Syd nordväst	SE_STA_CAMERA_0_1075001863
Sörredsmotet Syd sydöst	SE_STA_CAMERA_0_1075001864
Sörredsmotet sydöst	SE_STA_CAMERA_0_1075001861
Vädermotet norrut	SE_STA_CAMERA_0_1075001289
Vädermotet västerut	SE_STA_CAMERA_0_1075001288
Vädermotet österut	SE_STA_CAMERA_0_1075001585
Blåsjöfjället	SE_STA_CAMERA_Geni_5007_K1
Skulebeget	SE_STA_CAMERA_Geni_5008_K1
Hellabacken	SE_STA_CAMERA_Geni_5009_K1
Delsjömotet Östra västerut	SE_STA_CAMERA_0_1075001323
Delsjömotet Östra österut	SE_STA_CAMERA_0_1075001322
Halmstad Syd söderut	SE_STA_CAMERA_0_1075001950
Klareberg Norra norrut	SE_STA_CAMERA_0_1075001317
Klareberg Norra söderut	SE_STA_CAMERA_0_1075001316
Lindåsmotet norrut	SE_STA_CAMERA_0_1075001325
Lindåsmotet söderut	SE_STA_CAMERA_0_1075001326
Rollsbomotet söderut	SE_STA_CAMERA_0_1075001320
Rollsbomotet norrut	SE_STA_CAMERA_0_1075001319
Sävedalen västerut	SE_STA_CAMERA_0_1075001331
Viaredsmotet österut	SE_STA_CAMERA_0_1075001329
Viaredsmotet västerut	SE_STA_CAMERA_0_1075001328
Sävedalen österut	SE_STA_CAMERA_0_1075001332
Tpl Skönsberg Södra F	SE_STA_CAMERA_0_537000208
Tpl Skönsmon Södra F	SE_STA_CAMERA_0_537000130
Tpl Skönsmon Norra F	SE_STA_CAMERA_0_537000209
Tpl Skönsberg Norra F	SE_STA_CAMERA_0_537000126
Riksgränsen	SE_STA_CAMERA_0_537000100
Sibo	SE_STA_CAMERA_0_537000098
Söderköping N	SE_STA_CAMERA_Pacific_464
Tpl Hudiksvall Västra	SE_STA_CAMERA_0_537000101
Tpl Nolby	SE_STA_CAMERA_0_537000105
Björkliden	SE_STA_CAMERA_0_537000099
Surahammar	SE_STA_CAMERA_Geni_5010_K1
Kårböle 2	SE_STA_CAMERA_Geni_5011_K1
Dalarö	SE_STA_CAMERA_Geni_5013_K1
Skättilljunga	SE_STA_CAMERA_Geni_6001_K1
Armsjön ny	SE_STA_CAMERA_Geni_5014_K1
Tpl Lidatorp Norra	SE_STA_CAMERA_0_50438572
Lillkrog	SE_STA_CAMERA_Geni_5015_K1
Backadalsmotet Södra norrut	SE_STA_CAMERA_0_1075002561
Backadalsmotet Södra söderut	SE_STA_CAMERA_0_1075002562
Stora Vikenmotet söderut	SE_STA_CAMERA_0_1075002550
Stora Vikenmotet norrut	SE_STA_CAMERA_0_1075002549
Tjörnbron Västra Pylon österut	SE_STA_CAMERA_0_1075002374
Tjörnbron Östra Pylon västerut	SE_STA_CAMERA_0_1075002376
Tjörnbron Östra Pylon österut	SE_STA_CAMERA_0_1075002377
Bårhultsmotet österut	SE_STA_CAMERA_0_1075002329
Jerikotunneln Östra	SE_STA_CAMERA_0_1075002238
Jerikotunneln Östra	SE_STA_CAMERA_0_1075002237
Kallebäcksmotet Södra söderut	SE_STA_CAMERA_0_1075002133
Kodemotet söderut	SE_STA_CAMERA_0_1075002298
Kodemotet norrut	SE_STA_CAMERA_0_1075002297
Lärjemotet Syd norrut	SE_STA_CAMERA_0_1075001310
Tjörnbron Västra Pylon västerut	SE_STA_CAMERA_0_1075002373
Sandbäck västerut	SE_STA_CAMERA_0_1075002241
Sandbäck österut	SE_STA_CAMERA_0_1075002240
Bohusmotet söderut	SE_STA_CAMERA_0_1075001335
Bårhultsmotet västerut	SE_STA_CAMERA_0_1075002328
Bohusmotet norrut	SE_STA_CAMERA_0_1075001334
Kallebäcksmotet söderut	SE_STA_CAMERA_0_1075002135
Götatunneln Mynning Lillabommen västerut	SE_STA_CAMERA_0_1075001167
Kusttorgsmotet sydväst	SE_STA_CAMERA_0_1075002555
Lärjemotet Syd söderut	SE_STA_CAMERA_0_1075001311
Kusttorgsmotet nordost	SE_STA_CAMERA_0_1075002556
Tpl Rinkeby Södra	SE_STA_CAMERA_0_50438841
Tpl Rinkeby Västra	SE_STA_CAMERA_0_50438842
Tpl Hjulsta Västra	SE_STA_CAMERA_0_50438847
Hagenmotet Södra norrut	SE_STA_CAMERA_0_1075001978
Vittangi	SE_STA_CAMERA_Geni_4006_K1
Österböle	SE_STA_CAMERA_Geni_4160_K1
Stora Sjöfallet	SE_STA_CAMERA_Geni_4161_K1
Braberg	SE_STA_CAMERA_Geni_4162_K1
Knivsåsen	SE_STA_CAMERA_Geni_4164_K1
Perstorp	SE_STA_CAMERA_Geni_4163_K1
Sävastön	SE_STA_CAMERA_Geni_4166_K1
Danderyds kyrkogård	SE_STA_CAMERA_0_50438875
Mörbyberget	SE_STA_CAMERA_0_50438867
Tpl Danderyds sjukhus	SE_STA_CAMERA_0_50438863
Tpl Mörby Centrum	SE_STA_CAMERA_0_50438871
Tpl Mörby Centrum Norra	SE_STA_CAMERA_0_50438873
Tpl Mörby Centrum Södra	SE_STA_CAMERA_0_50438869
Danderydsberg	SE_STA_CAMERA_0_50438881
Ekebydal	SE_STA_CAMERA_0_50438885
Enebyberg	SE_STA_CAMERA_0_50438889
Enebyängen	SE_STA_CAMERA_0_50438887
Tpl Lahäll Södra	SE_STA_CAMERA_0_50438891
Älgberget	SE_STA_CAMERA_Geni_4167_K1
Midsommarkransens Gymnasium	SE_STA_CAMERA_0_50438736
Nybodahöjden	SE_STA_CAMERA_0_50438738
Tpl Nyboda Södra	SE_STA_CAMERA_0_50438748
Tpl Nyboda	SE_STA_CAMERA_0_50438746
Västberga Allé	SE_STA_CAMERA_0_50438750
Västberga Allé Södra	SE_STA_CAMERA_0_50438752
Delsjömotet Västra sydöst	SE_STA_CAMERA_0_1075002675
Gullbergstunneln Västra Mynning	SE_STA_CAMERA_0_1075001933
Hagenmotet Södra söderut	SE_STA_CAMERA_0_1075001979
Skulltorpsmotet	SE_STA_CAMERA_Geni_4168_K1
Grådö V	SE_STA_CAMERA_Geni_4169_K1
Torsöbron V	SE_STA_CAMERA_Geni_4170_K1
- Källstorp	SE_STA_CAMERA_Geni_4171_K1
Hov	SE_STA_CAMERA_Geni_4172_K1
Skulltorpsmotet	SE_STA_CAMERA_0_1075002734
Skulltorpsmotet	SE_STA_CAMERA_0_1075002735
Tingstadstunneln Södra bom E45	SE_STA_CAMERA_0_1075002663
Tingstadstunneln Södra bom E45 nordöst	SE_STA_CAMERA_0_1075002664
Gullbergstunneln Bom Påfart Ö 	SE_STA_CAMERA_0_1075001935
Marieholmsmotet Norra	SE_STA_CAMERA_0_1075002809
Marieholmsmotet Norra	SE_STA_CAMERA_0_1075002810
Gullbergstunneln Östra mynning	SE_STA_CAMERA_0_1075001936
Gullbergstunneln Bom Falutorget	SE_STA_CAMERA_0_1075001937
Gullbergstunneln Bom Påfart Kämpegatan	SE_STA_CAMERA_0_1075001934
Tingstadsmotet Norra	SE_STA_CAMERA_0_1075002564
Tingstadsmotet Norra	SE_STA_CAMERA_0_1075002565
Älvsborgsbron Rödasten GC-bom 	SE_STA_CAMERA_0_1075002600
Älvsborgsbron Rödasten  E45.01 bom	SE_STA_CAMERA_0_1075002601
Älvsborgsbron Rödasten GC-bom 	SE_STA_CAMERA_0_1075002602
Älvsborgsbron Bräckemotet Väst bom	SE_STA_CAMERA_0_1075002603
Älvsborgsbron Ivarsberg GC-bom	SE_STA_CAMERA_0_1075002605
Älvsborgsbron Ivarsberg E6.20 bom	SE_STA_CAMERA_0_1075002667
Älvsborgsbron Ivarsberg GC-bom	SE_STA_CAMERA_0_1075002668
Älvsborgsbron Ivarsbergsmotet påfart bom	SE_STA_CAMERA_0_1075002611
Älvsborgsbron Rödasten E6.20 bom	SE_STA_CAMERA_0_1075002609
Älvsborgsbron Rödasten Högsboleden bom	SE_STA_CAMERA_0_1075002627
Fiskhamnsmotet Väst	SE_STA_CAMERA_0_1075002731
Fiskhamnsmotet Väst	SE_STA_CAMERA_0_1075002732
Kungsstensmotet	SE_STA_CAMERA_0_1075001975
Kungsstensmotet	SE_STA_CAMERA_0_1075001976
Fiskebäcksmotet Norra	SE_STA_CAMERA_0_1075001981
Fiskebäcksmotet	SE_STA_CAMERA_0_1075001984
Fiskebäcksmotet Norra	SE_STA_CAMERA_0_1075001982
Fiskebäcksmotet Södra2	SE_STA_CAMERA_0_1075001991
Fiskebäcksmotet Södra2	SE_STA_CAMERA_0_1075001990
Fiskebäcksmotet	SE_STA_CAMERA_0_1075001985
Fiskebäcksmotet Södra	SE_STA_CAMERA_0_1075001987
Fiskebäcksmotet Södra	SE_STA_CAMERA_0_1075001988
Tynnerdsmotet	SE_STA_CAMERA_0_1075001996
Tynnerdsmotet	SE_STA_CAMERA_0_1075001997
Tynnerdsmotet Södra	SE_STA_CAMERA_0_1075001999
Tynnerdsmotet Södra	SE_STA_CAMERA_0_1075002000
Tynneredsmotet Norra	SE_STA_CAMERA_0_1075001993
Tynneredsmotet Norra	SE_STA_CAMERA_0_1075001994
Frölundamotet Västra	SE_STA_CAMERA_0_1075002002
Frölundamotet Östra	SE_STA_CAMERA_0_1075002009
Frölundamotet Östra	SE_STA_CAMERA_0_1075002008
Frölundamotet	SE_STA_CAMERA_0_1075002005
Frölundamotet	SE_STA_CAMERA_0_1075002006
Frölundamotet Västra	SE_STA_CAMERA_0_1075002003
Järnbrottsmotet	SE_STA_CAMERA_0_1075002014
Järnbrottsmotet Västra	SE_STA_CAMERA_0_1075002011
Järnbrottsmotet Västra	SE_STA_CAMERA_0_1075002012
Järnbrottsmotet	SE_STA_CAMERA_0_1075002017
Järnbrottsmotet	SE_STA_CAMERA_0_1075002018
Järnbrottsmotet	SE_STA_CAMERA_0_1075002015
Järnbrottsmotet Östra	SE_STA_CAMERA_0_1075002020
Järnbrottsmotet Östra	SE_STA_CAMERA_0_1075002021
Sisjömotet	SE_STA_CAMERA_0_1075002026
Sisjömotet	SE_STA_CAMERA_0_1075002027
Sisjömotet Västra	SE_STA_CAMERA_0_1075002023
Sisjömotet Västra	SE_STA_CAMERA_0_1075002024
Sisjömotet Östra	SE_STA_CAMERA_0_1075002029
Sisjömotet Östra	SE_STA_CAMERA_0_1075002030
Sisjömotet Östra	SE_STA_CAMERA_0_1075002035
Sisjömotet Östra	SE_STA_CAMERA_0_1075002032
Sisjömotet Östra	SE_STA_CAMERA_0_1075002036
Sisjömotet Östra	SE_STA_CAMERA_0_1075002033
Fässbergsmotet Västra	SE_STA_CAMERA_0_1075002038
Fässbergsmotet Västra	SE_STA_CAMERA_0_1075002039
Fässbergsmotet	SE_STA_CAMERA_0_1075002041
Fässbergsmotet	SE_STA_CAMERA_0_1075002042
Fässbergsmotet Östra	SE_STA_CAMERA_0_1075002044
Fässbergsmotet Östra	SE_STA_CAMERA_0_1075002045
Gerumstunneln Södra mynning	SE_STA_CAMERA_0_1075000829
Åbromotet	SE_STA_CAMERA_0_1075002054
Åbromotet	SE_STA_CAMERA_0_1075002053
Åbromotet Västra	SE_STA_CAMERA_0_1075002051
Åbromotet Västra	SE_STA_CAMERA_0_1075002050
Gerumstunneln Norra mynning	SE_STA_CAMERA_0_1075000834
Marieholmstunneln Östra	SE_STA_CAMERA_0_1075001739
Marieholmstunneln Västra	SE_STA_CAMERA_0_1075001744
Uddevallabron S	SE_STA_CAMERA_0_1075001298
Uddevallabron Södra	SE_STA_CAMERA_0_1075001297
Kärratunneln Norra	SE_STA_CAMERA_0_1075001586
Kärratunneln Södra	SE_STA_CAMERA_0_1075001587
Sörvikstunneln Södra	SE_STA_CAMERA_0_1075001590
Sörvikstunneln Norra	SE_STA_CAMERA_0_1075001589
Kärratunneln Norra	SE_STA_CAMERA_0_1075001645
Sörvikstunneln Södra	SE_STA_CAMERA_0_1075001649
Brottkärrsmotet	SE_STA_CAMERA_0_1075002725
Brottkärrsmotet	SE_STA_CAMERA_0_1075002726
Aspen S	SE_STA_CAMERA_Orion_50433774
Tpl Västberga	SE_STA_CAMERA_0_50438756
Tpl Västberga Södra	SE_STA_CAMERA_0_50438758
Tpl Danderyds kyrka Norra	SE_STA_CAMERA_0_50438879
Tpl Lahäll Norra	SE_STA_CAMERA_0_50438895
Tpl Roslags-Näsby Södra	SE_STA_CAMERA_0_50438897
Björnberget	SE_STA_CAMERA_0_50438915
Hägernäs strand Södra	SE_STA_CAMERA_0_50438923
Tpl Hägernäs Norra	SE_STA_CAMERA_0_50438921
Tpl Hägernäs Södra	SE_STA_CAMERA_0_50438917
Tpl Roslags-Näsby Norra	SE_STA_CAMERA_0_50438901
Tpl Viggbyholm Norra	SE_STA_CAMERA_0_50438913
Tpl Viggbyholm Södra	SE_STA_CAMERA_0_50438909
Täby Park	SE_STA_CAMERA_0_50438905
Täby Park Norra	SE_STA_CAMERA_0_50438907
Täby Park Södra	SE_STA_CAMERA_0_50438903
Hägernäs strand Norra	SE_STA_CAMERA_0_50438925
Tpl Arninge S	SE_STA_CAMERA_0_50438929
Tpl Arninge Södra	SE_STA_CAMERA_0_50438927
Svindersvik	SE_STA_CAMERA_Orion_50435736
Storgöl	SE_STA_CAMERA_Geni_4173_K1
Riksgränsen 2	SE_STA_CAMERA_Geni_5016_K2
Riksgränsen	SE_STA_CAMERA_Geni_4308_K1
Svinesundsbron	SE_STA_CAMERA_Geni_4174_K1
Tpl Västberga Norra	SE_STA_CAMERA_0_50438754
Tpl Nyboda Östra	SE_STA_CAMERA_0_50438740
Tpl Hjulsta	SE_STA_CAMERA_0_50439563
Hornsberg	SE_STA_CAMERA_0_50438694
Tpl Tomteboda	SE_STA_CAMERA_0_50438690
Kontrollplats Gröndal	SE_STA_CAMERA_0_50438728
Tpl Kristineberg	SE_STA_CAMERA_0_50438700
Tpl Lilla Essingen	SE_STA_CAMERA_0_50438714
Tpl Nybohov 	SE_STA_CAMERA_0_50438732
Tpl Stora Essingen Norra	SE_STA_CAMERA_0_50438718
Tpl Gröndal Norra	SE_STA_CAMERA_0_50438724
Hammarbyrondellen	SE_STA_CAMERA_0_50439533
